,progress,normalized_mae,normalized_rmse,r2,cpu_time
0,finished,0.0486095297733992,0.0169937628207827,0.9993100334428436,0.3139741420745849
1,finished,0.1018920750367288,0.022594464580493,0.9987802999421592,0.1815264225006103
2,finished,0.0498079945685995,0.0165751242240071,0.9993436091481552,0.3936142921447754
3,finished,0.0404079153812219,0.0168761856474146,0.9993195479541572,0.3363654613494873
4,finished,0.0421208891331779,0.0173406311749029,0.9992815794641606,0.3443498611450195
5,finished,0.045269323516171,0.0178388309628128,0.9992397057321514,0.6274337768554688
6,finished,0.0616401526822505,0.0166413683783682,0.9993655845096892,0.2748556137084961
7,finished,0.2868227925369862,0.0690586665152216,0.9890747323326718,0.2052841186523437
8,finished,0.1114440726992123,0.0272745859058174,0.9982958334324222,0.4240686893463135
9,finished,0.0437684033901513,0.0162326400587293,0.9993963655364012,0.4795424938201904
10,finished,0.0335951556998884,0.0150178247428051,0.9994833341305174,0.4515044689178467
11,finished,0.0460944806950807,0.0156386012969912,0.99943973753879,0.6702494621276855
12,finished,0.7001678628056169,0.1224702374708825,0.964398496364032,0.2031328678131103
13,finished,0.0475946652965509,0.0164162771672362,0.9993603291312751,0.6743130683898926
14,finished,0.0484223066396236,0.0169119209550129,0.9993211198643552,0.4756543636322021
15,finished,0.0427238059315222,0.0169313923539167,0.999319555718495,0.4718420505523681
16,finished,0.0827159386484813,0.0216184438989649,0.9988906819457954,0.6671245098114014
17,finished,0.066285056306628,0.0174332848405161,0.9992786173826996,0.6357026100158691
18,finished,0.3762756251257251,0.0631110935160662,0.990953218805512,0.5958449840545654
19,finished,0.0770056261388127,0.0211553679982604,0.9989834614690718,0.3026795387268066
20,finished,0.0538437647778752,0.0166514540873016,0.9993702226970592,0.444232702255249
21,finished,0.0695672155750779,0.0180213643756698,0.9992623369807776,0.1763749122619629
22,finished,0.0530322365046058,0.0165154426276643,0.9993804689014736,0.4057412147521972
23,finished,0.0471813059750078,0.0159568517451464,0.9994216681689472,0.5001134872436523
24,finished,0.4406977994353698,0.0855293664662619,0.9832000273446316,0.4059741497039795
25,finished,0.057979557107588,0.0181914251660553,0.9992400036386424,0.404247522354126
26,finished,0.0445132797398577,0.0166047531969536,0.9993667970720864,0.2649414539337158
27,finished,0.0484236888516236,0.0161167310604419,0.9994034704219512,0.3858323097229004
28,finished,0.0608073570703695,0.0165742008001518,0.9993691250885148,0.6212158203125
29,finished,0.0503705635025369,0.0179296295535647,0.999261720689652,0.2898817062377929
30,finished,0.951803851824807,0.2459729228179825,0.8644879984390806,0.2157976627349853
31,finished,0.0435672986284353,0.0179620186020548,0.9992773742382884,0.2424240112304687
32,finished,0.0448740257760583,0.0168372583722969,0.9993650406698352,0.420440673828125
33,finished,0.0525969172548569,0.0168078585587881,0.9993672561597332,0.4875116348266601
34,finished,0.0505509300701695,0.0163076250700304,0.9994043589884348,0.314138650894165
35,finished,0.1057534534041056,0.0221667674646839,0.9988994547913176,0.6798710823059082
36,finished,0.3306078617657064,0.0754227468383595,0.986536379179594,0.3795585632324219
37,finished,0.0401581661654759,0.0150982992746576,0.9994604729281968,0.2029945850372314
38,finished,0.0519647748159077,0.0179735388340473,0.999235417469902,0.4889698028564453
39,finished,0.056517011715782,0.0170283585351912,0.9993137177705648,0.7036938667297363
40,finished,0.0849128363007512,0.0208795348801733,0.9989681921638984,0.5946869850158691
41,finished,0.0426512524911545,0.0159036897234156,0.999401377591053,0.3760385513305664
42,finished,0.3291695354593369,0.0941536465971115,0.9781898181448044,0.3946611881256103
43,finished,0.2514178443972005,0.0420363597672616,0.9956525439797034,0.276707649230957
44,finished,0.0586219858895553,0.0203874664878552,0.998977386511022,0.5617110729217529
45,finished,0.049528732703365,0.0178763872276032,0.9992137792460288,0.3656115531921386
46,finished,0.0544721262675614,0.0175483686203909,0.999242367678462,0.5308365821838379
47,finished,0.0537621106375473,0.0159122146080283,0.9993770599524252,0.5070700645446777
48,finished,0.2781217807203762,0.0895018142544849,0.9790771401201348,0.5062196254730225
49,finished,0.078885627608208,0.0215645389258108,0.9987853875658832,0.5035121440887451
50,finished,0.0646269148358759,0.0178745226302364,0.9991655001305432,0.6584146022796631
51,finished,0.0402229916159388,0.0175409734424299,0.9991963540673644,0.5256030559539795
52,finished,0.0574018834102721,0.0174197358032783,0.9992074247671648,0.4760074615478515
53,finished,0.0454074318008491,0.0158901362301011,0.9993405033253648,0.3833022117614746
54,finished,0.1963337288269977,0.0568745651458433,0.9927274197515168,0.408928632736206
55,finished,0.0957270809850379,0.0208366764449477,0.999023866450041,0.4170255661010742
56,finished,0.1228084868305019,0.0230617003466387,0.998804264856962,0.1896274089813232
57,finished,0.0442914122084464,0.016572503242003,0.9993825119331176,0.3486807346343994
58,finished,0.0628074049820099,0.0187375544986977,0.9992106344623968,0.5912942886352539
59,finished,0.0550644330278594,0.016133034915109,0.9994148267146264,0.2946274280548095
60,finished,0.0793005541933638,0.0235299740741067,0.9986775676419156,0.4254732131958008
61,finished,0.0495154297370561,0.0168829193768673,0.9993191904125742,0.6031615734100342
62,finished,0.0412847052834024,0.0176083589435214,0.9992594262140768,0.1798794269561767
63,finished,0.0534314303577122,0.0170884558479732,0.999302512849416,0.5961413383483887
64,finished,0.0412909206118712,0.0165184311909456,0.9993482693179204,0.8018660545349121
65,finished,0.045690773696961,0.0164068460635299,0.9993570447058528,0.7615070343017578
66,finished,0.4148648873635332,0.0878669584816007,0.9805171898476148,0.5366866588592529
67,finished,0.0425117303379124,0.0158891351859636,0.99936290978966,0.4299049377441406
68,finished,0.0391509733775061,0.014698927174341,0.9994547801136074,0.4274306297302246
69,finished,0.0447568459669464,0.0163565747401428,0.9993248735291248,0.3918828964233398
70,finished,0.037411788877765,0.016681910035844,0.9992977496553028,0.515089750289917
71,finished,0.050455451696677,0.0172491888055862,0.999249176662144,0.7494323253631592
72,finished,0.7249027427419754,0.1236256234505273,0.9629184575423456,0.342844009399414
73,finished,0.0485996239853448,0.016254632893136,0.9993589452354302,0.5244617462158203
74,finished,0.0495228385624768,0.0164527707163268,0.999343221553178,0.2842285633087158
75,finished,0.0436950166994802,0.0160763832438759,0.9993729278645902,0.6190445423126221
76,finished,0.0397837391936829,0.0155703225967137,0.9994117850981844,0.6898543834686279
77,finished,0.0555443784326547,0.0174933137558864,0.999257519635982,0.4144215583801269
78,finished,0.0654765799230453,0.0216256570002105,0.998796817954051,0.2745227813720703
79,finished,0.0581177540048271,0.0195417314028828,0.9990175311238042,0.4051234722137451
80,finished,0.0500009279644258,0.0169787853684114,0.9992583381185522,0.3316617012023926
81,finished,0.0376581309871429,0.0145156490655759,0.9994579171821918,0.728271484375
82,finished,0.0418883944562952,0.0157125744305248,0.999364833743876,0.684105396270752
83,finished,0.0489077879994199,0.0159095207969355,0.9993488112049042,0.4241063594818115
84,finished,0.2996270942905327,0.0591108052148185,0.9918618408628168,0.3464565277099609
85,finished,0.248803168784786,0.0672876063094351,0.9894546114749324,0.4034116268157959
86,finished,0.0439389268351184,0.0163728886541256,0.9993756285390746,0.3196265697479248
87,finished,0.0448215575881854,0.0166136798608503,0.9993571286046056,0.5632565021514893
88,finished,0.0461289428605469,0.0165705754061345,0.9993604601570804,0.5828101634979248
89,finished,0.0409647121564644,0.0151512016546689,0.9994653290553256,0.9152979850769044
90,finished,0.4168321240643349,0.098798807023283,0.9763120931575172,0.2166204452514648
91,finished,0.0672486408974112,0.0183175752059299,0.9991857472165993,0.4256865978240967
92,finished,0.056521258806647,0.0170270055360183,0.9992964421068592,0.5415542125701904
93,finished,0.040006459421002,0.0156756319463962,0.9994036882030104,0.7378332614898682
94,finished,0.0488101879540417,0.0148983203765022,0.999461360865492,0.60697340965271
95,finished,0.0501749768049576,0.0158707570294269,0.9993887504236592,0.2875564098358154
96,finished,0.4278484886108671,0.089972239451756,0.9812788660853082,0.3048312664031982
97,finished,0.0454824684313099,0.0175553736989584,0.999287253248866,0.4887690544128418
98,finished,0.0445528130075541,0.0170417763513113,0.9993283472270869,0.4043726921081543
99,finished,0.0591055664208118,0.016801102793335,0.99934718418513,0.638538122177124
100,finished,0.0513748875283319,0.0168055201448576,0.9993468408629014,0.5734026432037354
101,finished,0.0570247908495159,0.0181944909996268,0.9992344123659744,0.624840497970581
102,finished,0.0564699931157508,0.0245596471732945,0.9986340191932052,0.3593056201934814
103,finished,0.0890947541699602,0.0255878041513509,0.9985172552794978,0.4028458595275879
104,finished,0.049300412896245,0.0185459494914164,0.9992210698833948,0.4912059307098388
105,finished,0.0395335291246184,0.0157451773251975,0.9994385701975584,0.7794370651245117
106,finished,0.0630569533028286,0.0187084686637941,0.9992073584538206,0.7038776874542236
107,finished,0.0454375565957394,0.0159082163943973,0.9994268829480067,0.5885601043701172
108,finished,0.0449185747826671,0.0165946490980958,0.9993208747203386,0.2260682582855224
109,finished,0.2743728127044114,0.0360331693654097,0.9967980195503224,0.3191111087799072
110,finished,0.0655446022080569,0.0167721565591079,0.9993062682596616,0.5646960735321045
111,finished,0.0487636569958902,0.0158492936834106,0.9993805110336198,0.7064285278320312
112,finished,0.0684625526972603,0.0179528700053534,0.9992051566915736,0.9084296226501464
113,finished,0.0596155998065657,0.0171155959389524,0.9992775666266092,0.944695234298706
114,finished,0.4420053069059175,0.0594658610772133,0.9916304833292156,0.3698217868804931
115,finished,0.0445838704601628,0.0153781567884011,0.99944027652238,0.3532145023345947
116,finished,0.0517441462950845,0.0178782584679801,0.999243488771967,0.5970170497894287
117,finished,0.0453266225083855,0.015992703090439,0.999394646993211,1.533169507980347
118,finished,0.0414772931677841,0.0153688371729777,0.9994409547345976,1.151925802230835
119,finished,0.0503739181543305,0.015930416206966,0.9993993531552592,0.8693695068359375
120,finished,0.6777238343246107,0.1119105518936092,0.969140614097692,0.2432699203491211
121,finished,0.0508345352440951,0.0175407821252133,0.9992418709944064,0.5081353187561035
122,finished,0.0451004995127302,0.0179219884473048,0.9992085607390996,0.5444750785827637
123,finished,0.0379091526888362,0.0157201766953827,0.9993910802633844,0.439368724822998
124,finished,0.0492270470231286,0.0175197994003618,0.9992436836955356,0.7043857574462891
125,finished,0.047658047089876,0.0169110135902334,0.9992953321111012,0.86440110206604
126,finished,0.312023657064649,0.0645591167543561,0.9901746122393544,0.4573180675506592
127,finished,0.0570498504258097,0.0193240637491515,0.999119698459654,0.2890021800994873
128,finished,0.0483343191060391,0.0155620084989843,0.999429092386052,0.4801304340362549
129,finished,0.0403838557393032,0.0160617759495174,0.9993918346598112,0.3009521961212158
130,finished,0.0368052333064633,0.0149388006552046,0.999473902784991,0.3956146240234375
131,finished,0.0332340223498073,0.014903819862398,0.9994763637256592,0.5863885879516602
132,finished,0.3950221367000506,0.0748048579190167,0.9867474190660476,0.377241849899292
133,finished,0.0412884880837678,0.015959204126326,0.9993967972405904,0.5885097980499268
134,finished,0.0477655680826583,0.0169904610087118,0.9993163226593288,0.4519743919372558
135,finished,0.0471142507363182,0.0164258052540022,0.9993610097974014,0.5947659015655518
136,finished,0.0499105948330827,0.0164118608473907,0.9993620942565103,0.9820213317871094
137,finished,0.0528137950506833,0.0161917934352392,0.9993790869755282,0.8613247871398926
138,finished,0.3253079569810023,0.0458715470129778,0.9948921711922208,0.3592734336853027
139,finished,0.1002484604393114,0.0195676806663184,0.999070545222769,0.5601017475128174
140,finished,0.0454045768685147,0.0177729711252787,0.9992332220244626,0.4585170745849609
141,finished,0.0491131331418818,0.0174886083787886,0.9992575622176932,0.3633358478546142
142,finished,0.0503354667671032,0.0166964247709936,0.9993232994501472,0.6204543113708496
143,finished,0.052142917534653,0.0168928934716769,0.999307280128502,0.7679531574249268
144,finished,0.3303376965207343,0.0677205019799381,0.9892188527880328,0.2878346443176269
145,finished,0.2905785655905429,0.0487329919253574,0.9944169593543012,0.2498583793640136
146,finished,0.0574242210170321,0.0190275807623752,0.9991488780580152,0.2495026588439941
147,finished,0.062377997178341,0.0172285704838481,0.9993022125940432,0.605311393737793
148,finished,0.0481815832146776,0.0168518570340397,0.9993323940925786,0.7811057567596436
149,finished,0.0534159066157343,0.0170612271257937,0.9993157021619984,0.6687259674072266
150,finished,0.2292327864250559,0.0514171020799256,0.993719092373187,0.6399283409118652
151,finished,0.0508121624176301,0.0153350322313095,0.9994413026632883,1.0165083408355713
152,finished,0.6268720638979521,0.1069763929366901,0.972811633530082,0.8092474937438965
153,finished,0.0873014150539566,0.0218720026463665,0.9988634610748702,1.1806328296661377
154,finished,0.0581241793340701,0.0178476850301427,0.9992432176390792,0.6618716716766357
155,finished,0.0506083408488782,0.0172703792561103,0.9992913839833584,1.545881748199463
156,finished,0.0662924944962976,0.0202894304822514,0.9989742767496484,3.134509325027466
157,finished,0.0536643554101742,0.0175486674161538,0.9992326760159737,0.8340680599212646
158,finished,0.0942459841972626,0.0237701871993255,0.9985921522520578,0.4920301437377929
159,finished,0.0378522067176586,0.0156776857001481,0.9993875729088444,1.027882099151611
160,finished,0.0430658689741032,0.0154383559927371,0.9994061283567058,0.938734769821167
161,finished,0.0491859810090997,0.0178187195976318,0.9992088779781112,1.1556696891784668
162,finished,0.3385832629322097,0.0721849723471018,0.988480647506625,0.5998735427856445
163,finished,0.0804979811102518,0.0180663671601786,0.9992784338636524,0.7336995601654053
164,finished,0.0431680534134534,0.0156919870877938,0.9994556347883824,0.466167688369751
165,finished,0.0561574442027514,0.0150867739615391,0.9994968155099244,0.878572940826416
166,finished,0.0573556057994088,0.0159093246575452,0.9994404512009092,0.7621910572052002
167,finished,0.0580963097187697,0.0177848352237168,0.9993007472698914,0.6370186805725098
168,finished,0.8178088209194859,0.1398728822913165,0.9564849870896316,0.6805968284606934
169,finished,0.0733818203312159,0.0190076845557097,0.9991964174448814,0.7835342884063721
170,finished,0.1129377485874196,0.0251837480033224,0.9985893710315554,0.510430097579956
171,finished,0.0541079882655856,0.0164188894532185,0.999400402759014,0.9469470977783204
172,finished,0.0516710072381913,0.0173706489270324,0.999328873860832,1.2572157382965088
173,finished,0.0437757635629526,0.016222906548325,0.9994146314289476,1.056861400604248
174,finished,0.0931272510683486,0.0211069356637222,0.9988959770260972,0.7820572853088379
175,finished,0.0634686085116345,0.0176612841846071,0.9992270128121852,0.4660792350769043
176,finished,0.0830742954300564,0.0190683261454279,0.9990989417214882,0.6678719520568848
177,finished,0.0682788895795342,0.0199616895030284,0.9990125335929956,0.3826971054077148
178,finished,0.0456169807424664,0.0172454162002763,0.9992629870849996,0.8133351802825928
179,finished,0.0535013703175275,0.016509647107687,0.9993245342715824,0.7623622417449951
180,finished,0.0026768145999701,0.0009532441137319,0.999999311470867,1.23415207862854
181,finished,0.0117509717138908,0.001557630164686,0.9999981615883878,1.3807594776153564
182,finished,0.0006239139411109,9.122761709955668e-05,0.9999999936938148,0.4815924167633056
183,finished,0.0003467784491022,6.979330150577774e-05,0.9999999963090213,1.4909019470214844
184,finished,0.0012607232891256,0.0001543138628185,0.9999999819563689,0.7031660079956055
185,finished,0.0005426845753853,7.165122038775784e-05,0.9999999961098958,1.6907062530517578
186,finished,0.0050829375609868,0.0007961416217011,0.9999994546964076,0.5328402519226074
187,finished,0.0087642859859362,0.0012930489902077,0.9999985615735528,1.322676181793213
188,finished,0.015307708557931,0.0023023666346612,0.999995439560838,1.4962410926818848
189,finished,0.0006469204204998,0.0001237714260868,0.9999999868205136,0.7826447486877441
190,finished,0.0013433799193528,0.0001573316466474,0.9999999787044002,1.697608232498169
191,finished,0.0018211560101306,0.0001861706555421,0.999999970181887,1.4920337200164795
192,finished,0.0170096673633092,0.0025694438839438,0.9999936409121482,1.1934149265289309
193,finished,0.0004474365887174,6.578851362307452e-05,0.9999999958311458,1.3055262565612793
194,finished,0.0019194454776811,0.0003101685184266,0.9999999073357998,0.7919552326202393
195,finished,0.0011013473295742,0.0001386106775085,0.9999999814941124,1.6434152126312256
196,finished,0.0017057450564509,0.0002566097836344,0.9999999365746356,0.5142667293548584
197,finished,0.0001700288812958,5.338768086205083e-05,0.999999997254644,2.100583553314209
198,finished,0.0125037625517765,0.001740263822799,0.9999974932724316,1.2665343284606934
199,finished,0.0012368368579995,0.0001433913876536,0.9999999829814292,1.2816047668457031
200,finished,0.0012093459060479,0.0001166934819981,0.9999999887288,1.3094820976257324
201,finished,0.003083188230581,0.0003761592802325,0.9999998828828448,0.4901473522186279
202,finished,0.002792818818252,0.0002831778715679,0.9999999336263684,1.5613899230957031
203,finished,0.002393776699042,0.0002856475168929,0.9999999324636074,1.3489203453063965
204,finished,0.0037379657249604,0.0012188905683586,0.9999986652517868,1.132704496383667
205,finished,0.0072450907583763,0.0012610920124634,0.9999985712262424,1.0509207248687744
206,finished,0.0031350816091613,0.0003583564923219,0.9999998846279874,0.6051452159881592
207,finished,0.0005965577049855,7.916787258701309e-05,0.999999994369229,1.3699836730957031
208,finished,0.001729995440153,0.0001745477478634,0.9999999726285116,1.4049193859100342
209,finished,0.0019777556591366,0.0002052225860429,0.9999999621626924,1.0784833431243896
210,finished,0.0026811003546725,0.0006941606124332,0.9999995847328635,1.3613615036010742
211,finished,0.0038285840100578,0.0005826553487441,0.9999997074291166,1.2817654609680176
212,finished,0.000479543067072,6.588195903287909e-05,0.9999999962594056,0.9730067253112792
213,finished,0.0009856150663333,0.0001320546810811,0.999999984971514,2.660060405731201
214,finished,0.0020817613050941,0.0002561954421897,0.9999999434346568,4.7269346714019775
215,finished,0.0006036920996601,9.043164436721706e-05,0.9999999929522826,2.9123072624206543
216,finished,0.0143967242809694,0.0015854047465133,0.9999981870245938,0.7970061302185059
217,finished,0.0018686926790251,0.0001667925573824,0.9999999799338092,1.0284786224365234
218,finished,0.0016477210253389,0.0001437198514976,0.9999999851014116,1.344207525253296
219,finished,0.0067480277693393,0.0007048187488572,0.9999996416837528,1.172361135482788
220,finished,0.0162342997324136,0.0015827289469537,0.9999981931392026,1.2497799396514893
221,finished,0.002091548986432,0.0001884487905918,0.9999999743847668,3.764704704284668
222,finished,0.0039334757574098,0.0009607414980085,0.9999992264038928,7.837632894515991
223,finished,0.0016694689712002,0.0002180270071555,0.9999999601597768,1.9594178199768064
224,finished,0.0010859553651825,0.0001763427104094,0.9999999739374924,2.0071022510528564
225,finished,0.000929920760521,0.0001761442195369,0.9999999739961312,4.102570533752441
226,finished,0.0009516990884637,0.0001181716878116,0.9999999882961688,3.5674941539764404
227,finished,0.0017411453279197,0.000213962015212,0.9999999616315252,4.342148542404175
228,finished,0.0042812406626716,0.0013572365455138,0.9999979968874247,0.656367301940918
229,finished,0.0014182824555816,0.0002152628630014,0.9999999496113768,1.5413615703582764
230,finished,0.0004813572372881,5.604147047998252e-05,0.9999999965848224,12.007728338241575
231,finished,0.0019372742274742,0.0002279525247596,0.9999999434954944,2.62418270111084
232,finished,0.0020012469250278,0.0001727273884164,0.9999999675573232,5.910383701324463
233,finished,0.0005269880859822,6.883183830531113e-05,0.9999999948480338,4.534018278121948
234,finished,0.0092682849370656,0.0010652479467673,0.9999990866986794,1.0476603507995603
235,finished,0.012473380954647,0.0021578953250945,0.999996252225755,3.767019033432007
236,finished,0.0255332657318213,0.0030830390311574,0.9999923498364498,3.917784214019776
237,finished,0.0012265925817563,0.0001563209779015,0.9999999803325886,3.9706976413726807
238,finished,0.0010515317857093,0.0001777646245395,0.9999999745666626,0.95892596244812
239,finished,0.0015202061835707,0.000139737271326,0.9999999842841748,2.479408502578736
240,finished,0.0174119580198094,0.002000333033747,0.9999968824830984,2.823838233947754
241,finished,0.0038241499956497,0.0003933953336272,0.9999998794235172,1.1845524311065674
242,finished,0.0013489501659398,0.0001394371862507,0.9999999848517864,2.3384246826171875
243,finished,0.0046858382149581,0.0005227168188655,0.9999997871188778,1.589524507522583
244,finished,0.0011986146533178,0.0001353065663741,0.9999999857359796,4.304104566574097
245,finished,0.0017355497385646,0.0001860202761666,0.9999999730396968,4.044928073883057
246,finished,0.0081866599507278,0.0010143994264265,0.9999991297915276,2.9895336627960205
247,finished,0.0005294867779727,0.0001029610866471,0.999999991034974,1.626952886581421
248,finished,0.0008821250861264,9.9499917961778e-05,0.9999999916275848,2.805433511734009
249,finished,0.0018862948250227,0.0001843873758018,0.9999999712480248,1.0080208778381348
250,finished,0.001121444344618,0.0001766961558331,0.9999999735966204,2.989511489868164
251,finished,0.003578338099692,0.0003929320903659,0.9999998694309288,1.2231035232543943
252,finished,0.0098819433949675,0.0014495535335105,0.9999983602872662,3.362123489379883
253,finished,0.0108305687691245,0.0016731878048265,0.9999978153159772,2.4935734272003174
254,finished,0.0004261589488181,7.306944748221567e-05,0.9999999958335046,2.822641372680664
255,finished,0.0005602949180538,0.0001192649420644,0.999999988899952,2.4092113971710205
256,finished,0.004938509103861,0.0005313479740716,0.999999779678282,3.280405044555664
257,finished,0.0001979926767081,5.081445702230791e-05,0.9999999979850056,8.799334049224854
258,finished,0.0038056011606973,0.00098782617717,0.9999992076199112,3.929229259490967
259,finished,0.0074263159144665,0.0010913687295107,0.9999990328017444,1.489776849746704
260,finished,0.0007599073158082,8.971691969873849e-05,0.999999993463862,3.863434791564941
261,finished,0.0009359002485359,0.0001100382924558,0.9999999901675856,1.039745569229126
262,finished,0.0003443353346945,4.242609914723898e-05,0.9999999985383656,1.7870018482208252
263,finished,0.0007846751642827,8.580805435216169e-05,0.9999999940209994,4.938468933105469
264,finished,0.0130934057997228,0.0022106306306248,0.9999961644559876,1.3694727420806885
265,finished,0.0018044264100142,0.0003878324717685,0.9999998819453928,1.0225069522857666
266,finished,0.0012637728405295,0.0001992261005434,0.9999999688479184,1.1493887901306152
267,finished,0.0011156173536537,0.0001019504398197,0.9999999918422046,3.386892557144165
268,finished,0.0005358093015076,6.052837349864415e-05,0.999999997124505,1.687814235687256
269,finished,0.0030774443560115,0.0002641349229993,0.9999999452421666,2.2679665088653564
270,finished,0.0046387342142605,0.0008419387667358,0.9999993903574595,0.4348995685577392
271,finished,0.0090006418584903,0.0011024865475361,0.9999989546521072,1.260801076889038
272,finished,0.0006900362601268,0.0001036062337487,0.9999999907682078,2.315980195999145
273,finished,0.0001716213706335,5.3949894356855855e-05,0.9999999974968006,4.47184157371521
274,finished,0.0059570130173892,0.0008069911614296,0.9999994399177536,1.705294132232666
275,finished,0.0007558757974145,0.0001170943230194,0.9999999882080418,4.581640958786011
276,finished,0.0040417173000881,0.0010624213597275,0.9999991354106116,2.5270771980285645
277,finished,0.000673547729795,0.00014237996481,0.9999999844720516,2.052260637283325
278,finished,0.0030833849742621,0.0003376789509469,0.9999999126577664,3.3587634563446045
279,finished,0.0040737217084013,0.0003942358951571,0.9999998809502076,3.109805107116699
280,finished,0.0016762556808189,0.0001940752710778,0.999999971149276,3.380960464477539
281,finished,0.0015957407026488,0.0001490473384068,0.9999999829837144,2.351972818374634
282,finished,0.0040260822529775,0.0008813487384488,0.9999992397943416,0.8533453941345215
283,finished,0.0123096853051552,0.0016991481671254,0.9999971744823392,4.01903223991394
284,finished,0.008417141237605,0.0013570012415023,0.9999981978289312,3.5652222633361816
285,finished,0.0002856706362226,6.314380577758423e-05,0.9999999960979122,4.851636171340942
286,finished,0.0010464899683497,0.0001195435341715,0.9999999860141874,2.200115203857422
287,finished,0.0005230839484601,8.732137196575906e-05,0.9999999925376326,4.211632251739502
288,finished,0.0141824590425212,0.0016469278493502,0.9999977718187564,1.998664140701294
289,finished,0.0034609655543751,0.0007308732566588,0.9999995611809136,0.997817039489746
290,finished,0.0062388518926319,0.0006019025859817,0.9999997023857062,3.082101345062256
291,finished,0.0008327917472892,8.66575955355607e-05,0.999999993831002,0.7688071727752686
292,finished,0.0059599453779561,0.0006216951650656,0.9999996824907758,0.969480037689209
293,finished,0.0012360938543971,0.000117702785379,0.999999988619146,3.4339184761047363
294,finished,0.0304095511370077,0.0042048411614416,0.9999851862885204,4.951184272766113
295,finished,0.0014684667250889,0.0001189482867738,0.9999999881455592,1.3048758506774902
296,finished,0.0030263535197316,0.0003097314627278,0.9999999196223436,2.440462112426758
297,finished,0.0016943738215241,0.000143061391695,0.9999999828521536,4.79796028137207
298,finished,0.0039665569030563,0.0003188370247125,0.9999999148269524,4.999782800674439
299,finished,0.0024592393058827,0.000203661636863,0.999999965247732,6.314347267150879
300,finished,0.0101453041811087,0.0017083208018393,0.9999980206235218,2.636826992034912
301,finished,0.0014506791963299,0.0001744650707424,0.9999999793553972,2.661746025085449
302,finished,0.0019403707504608,0.0001976743904137,0.9999999734972852,3.2340750694274902
303,finished,0.0010115787924339,0.0001186658353098,0.9999999904491736,3.564849615097046
304,finished,0.0014489959910086,0.0001442088782264,0.9999999858949852,3.9780774116516113
305,finished,0.0004967624349916,8.727266692934145e-05,0.9999999948340994,2.748206853866577
306,finished,0.0103425621805938,0.0013274147583912,0.999998847704966,2.348680019378662
307,finished,0.0009812127049134,0.0001377671045037,0.9999999875880086,3.0100197792053223
308,finished,0.0016822879460102,0.0001548974061943,0.9999999843094308,1.0696308612823486
309,finished,0.0007789492639847,0.0001505479877426,0.9999999851782216,1.4908204078674316
310,finished,0.0021718697951769,0.0003298028493158,0.9999999288689512,0.4078938961029053
311,finished,0.0025170520285541,0.0002257066252747,0.9999999666850612,0.9175381660461426
312,finished,0.0114791736435585,0.0017659561814791,0.9999976802898872,1.576347589492798
313,finished,0.0129914380762773,0.0016864389254753,0.9999978844898914,0.3413407802581787
314,finished,0.0035462896964539,0.0004024690420637,0.9999998795133778,1.927525520324707
315,finished,0.0011380764501048,0.0001234729224321,0.9999999886598884,1.7571711540222168
316,finished,0.006599563807509,0.0007555518756667,0.9999995753780452,1.5544602870941162
317,finished,0.0032437371472313,0.000378195261135,0.9999998936087198,1.8959357738494875
318,finished,0.0070938477588491,0.0010140262292751,0.9999990712439564,1.1479442119598389
319,finished,0.0180414806260391,0.0019531814363388,0.999996554212818,1.2124505043029783
320,finished,0.00234023680016,0.0002829743214526,0.99999992767352,1.3764207363128662
321,finished,0.0008612488835046,0.0001274154927422,0.9999999853361587,1.5678434371948242
322,finished,0.0007637731929528,7.99642610832586e-05,0.9999999942244264,1.3902442455291748
323,finished,0.00172587658378,0.0001602110396309,0.9999999768160116,2.64009690284729
324,finished,0.0157479463100795,0.0026516077185688,0.9999940353451888,1.131699562072754
325,finished,0.0075676754469236,0.0010581735380953,0.9999990500941556,1.2153244018554688
326,finished,0.0008724648301497,0.0001110736224735,0.9999999895338094,0.4516558647155761
327,finished,0.0016861759730763,0.000191663044573,0.9999999688366936,0.7320339679718018
328,finished,0.0009940255134584,0.0001082645463753,0.9999999900564998,1.399833917617798
329,finished,0.0010289908940689,0.0002009381581861,0.9999999657475532,1.7804203033447266
330,finished,0.0048028350052699,0.001394280599736,0.9999982137186032,1.0101697444915771
331,finished,0.0009955469714582,0.0001030443528478,0.9999999902434136,0.8453643321990967
332,finished,0.0056888008732869,0.0005957955237895,0.9999996738300264,1.3861863613128662
333,finished,0.001424363856425,0.0002466636809574,0.9999999440938064,0.4134469032287597
334,finished,0.0019048927144218,0.0001873941656038,0.9999999677327736,0.3769023418426513
335,finished,0.0011337395238582,0.0001391760392355,0.9999999822017028,1.5596086978912354
336,finished,0.003087402133632,0.0006060245773844,0.999999684749737,1.2923541069030762
337,finished,0.0150065123924952,0.0021834847482748,0.9999959076260811,1.089759349822998
338,finished,0.0148734680736306,0.0025233720006722,0.9999945344038038,1.8100500106811523
339,finished,0.0009987501576448,0.0001024644174244,0.9999999909880012,1.8385910987854004
340,finished,0.0004907868327007,9.999082793672036e-05,0.9999999914178656,0.7825498580932617
341,finished,0.0009762535909695,0.0001322601659593,0.9999999849847312,1.2602815628051758
342,finished,0.0051574427106046,0.001094112645608,0.9999990183567232,0.4570326805114746
343,finished,0.0153696939704798,0.0017443316159366,0.9999975049013212,1.2315714359283447
344,finished,0.0007632768852333,0.0001133913083322,0.9999999894563943,1.8365304470062256
345,finished,0.0011227255722092,0.0001199609070237,0.9999999881992636,1.5692458152770996
346,finished,0.0003373331737265,8.788856782080455e-05,0.9999999936657618,1.5177700519561768
347,finished,0.0015918382172427,0.0001741966151782,0.9999999751166389,2.5525059700012207
348,finished,0.0112655180259341,0.0017056967871406,0.9999976806369264,1.3532328605651855
349,finished,0.0158138410354349,0.0020126884609544,0.9999967706271546,1.7039525508880615
350,finished,0.0022623984942827,0.0003513309041644,0.999999901599392,0.7790195941925049
351,finished,0.0006326747234033,8.756799886269691e-05,0.9999999938869784,2.143634796142578
352,finished,0.0019861417120223,0.0001847712264755,0.999999972783407,1.9620921611785889
353,finished,0.00062555365937,0.0001544696276975,0.9999999809782149,2.1889610290527344
354,finished,0.0128622834941632,0.0022732868402004,0.9999955272187834,0.3453006744384765
355,finished,0.0003701675957591,9.580628640874574e-05,0.9999999920556716,1.6752569675445557
356,finished,0.0015189642883118,0.0001588705210246,0.9999999781548105,1.67657470703125
357,finished,0.0022780723175373,0.0002255498111989,0.9999999559694496,1.3261005878448486
358,finished,0.0021581601954363,0.0002129031316887,0.9999999607686476,1.9872009754180908
359,finished,0.0007374782517928,0.0001394501021943,0.9999999831691188,2.1983561515808105
360,finished,2.2757432244790827,0.4284633570845798,0.8210989757189011,1.227827787399292
361,finished,0.6193544900232404,0.1671705738838181,0.9727663958014376,0.4839541912078857
362,finished,0.5281438609122514,0.129350916141305,0.98369486223468,1.4188337326049805
363,finished,0.8291319551132402,0.16370944164843,0.9738824214719828,0.7827696800231934
364,finished,0.6037601651178831,0.1165147505817243,0.9867703829146162,1.4999866485595703
365,finished,0.509190476796502,0.1123964342546195,0.9876890796424028,1.565819263458252
366,finished,0.9499718701393326,0.2532278433790657,0.9345724029620908,0.9064497947692872
367,finished,1.0595179349932569,0.2605230293735099,0.9307483226978828,0.9929111003875732
368,finished,0.6707404654134139,0.1285913746462204,0.9831281876875884,1.7557048797607422
369,finished,0.8993713159268554,0.1603307682692673,0.9737715996071536,2.700626373291016
370,finished,0.4352003163176277,0.1082381706969137,0.9880463937782488,2.9084060192108154
371,finished,0.3938771176278212,0.096372183553282,0.9905236420741452,3.905277967453003
372,finished,1.5667307869068254,0.3567214358414127,0.8834890976609705,5.163904428482056
373,finished,1.3569659187283756,0.2994695759641663,0.9178866886318076,2.102724075317383
374,finished,0.3962994187752086,0.1337139624144176,0.9836295104012608,1.2673542499542236
375,finished,0.420948492637148,0.100647452948027,0.990725004052734,1.104612112045288
376,finished,0.3940182846630317,0.1066361660625847,0.989588406694312,2.2343854904174805
377,finished,0.4354174852681619,0.1078150888767533,0.9893569220884162,1.7713356018066406
378,finished,1.1131054158067475,0.2506594072302404,0.9393079855573656,1.4959900379180908
379,finished,0.8413247036276054,0.2030372939400797,0.9601787242812976,1.5306496620178225
380,finished,1.109569023982244,0.1744155585117679,0.9706144392945708,1.005338191986084
381,finished,0.8239893620078752,0.1399458686249288,0.9810816306513852,1.3300650119781494
382,finished,0.5866224992795037,0.1290840770854608,0.98390433650198,1.7453172206878662
383,finished,0.6212513587830295,0.115657572605427,0.987078537180105,1.9073333740234373
384,finished,1.1537839111746846,0.2129181546790739,0.95978067915887,0.973818302154541
385,finished,1.6832151432736806,0.3347305844832634,0.9005968522451018,1.3134381771087646
386,finished,0.8351785522175691,0.194155989226206,0.9665565610167488,0.952984094619751
387,finished,0.8119873060132251,0.1562446274938339,0.9783419410511188,0.9343931674957277
388,finished,0.4388435041397578,0.1059953371570274,0.9900325775181086,2.0260581970214844
389,finished,0.4612045338047329,0.0783926854031066,0.9945479424791842,2.796201229095459
390,finished,1.3020606077429575,0.2575302230679831,0.9388072388434736,2.405386686325073
391,finished,0.5278803272505024,0.1699619731126007,0.973346934264656,2.676814556121826
392,finished,1.3374200328930412,0.2219560885250865,0.9545454076283424,3.4448204040527344
393,finished,0.8293330520489527,0.1253755228749374,0.9854966223224184,2.9677462577819824
394,finished,1.1406479070412836,0.1737921732324056,0.9721321111330636,4.468331336975098
395,finished,0.4869740746976717,0.0978627202972627,0.9911635421672118,4.926797389984131
396,finished,1.724298694093228,0.3168917327104467,0.8998178760302233,3.733182191848755
397,finished,1.3553438762967458,0.2380745611735812,0.9434549748420106,3.06009840965271
398,finished,0.6190452944127822,0.1509665862518476,0.9772631610342518,4.432636022567749
399,finished,0.4632611233844241,0.1033828507919683,0.98933734336448,4.053421497344971
400,finished,0.540444038709061,0.1011948319690044,0.9897839012117216,4.712470531463623
401,finished,0.7609325482943714,0.1446541332872383,0.979124825637992,5.605653285980225
402,finished,1.208188231681285,0.3140620674880675,0.896944110184445,2.439591884613037
403,finished,0.663643573995984,0.1719581449688747,0.9691050604600616,2.4421226978302
404,finished,2.013863069522381,0.3661392311328911,0.8599334675436722,3.184762716293335
405,finished,0.8262635536123208,0.1406828220669307,0.9793212639414705,2.49198317527771
406,finished,0.3567537310104037,0.0782231314836222,0.99360688903286,4.383402347564697
407,finished,0.7907266356404882,0.1231939004321878,0.9841430280486728,6.388739347457886
408,finished,1.427414242586584,0.3690149983716208,0.8594145993053964,2.777390241622925
409,finished,1.2411904946497914,0.2543888527163625,0.9331889433899264,1.7968671321868896
410,finished,0.4886878003438518,0.1317939457785129,0.9820674063381352,2.744960069656372
411,finished,0.6623474259865532,0.1455919222579766,0.9781159979412104,3.1284189224243164
412,finished,0.4147517805140542,0.1070495009623542,0.9881689992764744,1.5318007469177246
413,finished,0.6034044538817851,0.1043260227052133,0.988763333577768,3.1624672412872314
414,finished,2.0055607482246702,0.2903556077866337,0.922075332805229,1.1855154037475586
415,finished,0.7213404222431513,0.1826693062974587,0.9691577765873718,1.5802745819091797
416,finished,0.6500682096992402,0.1512220911495333,0.9788629196457208,2.186131000518799
417,finished,0.3241239133512488,0.076965936953774,0.9945246530844024,4.615492820739746
418,finished,0.9652302880591812,0.1873107638883289,0.9675705196393322,2.037573337554932
419,finished,0.4460834834415405,0.0855188239329729,0.9932401359891906,3.223567485809326
420,finished,1.0791208924120796,0.2071161707958194,0.958626057246436,1.6527559757232666
421,finished,0.7954039514079921,0.2124602379700949,0.956463429041186,1.523237705230713
422,finished,0.8298717334619682,0.1392835253074028,0.981288939905949,1.8871824741363523
423,finished,0.5995876047116512,0.1144127058827703,0.9873745342935192,3.172202587127685
424,finished,1.141238017753042,0.1872056801985371,0.9661984250081014,4.2704362869262695
425,finished,1.007471745796276,0.1655647895957911,0.97356161905605,3.509523868560791
426,finished,0.7337813964005118,0.2004066257221537,0.9589415134299046,1.5901720523834229
427,finished,0.7684297888120568,0.1869968349124926,0.964252366474917,3.6247751712799072
428,finished,0.7631538708641974,0.170349510896753,0.9703338924131506,2.8327341079711914
429,finished,0.4863435837347277,0.1401355586580109,0.979924078730763,4.206345796585083
430,finished,0.4042448742003918,0.1291628825885065,0.9829449010641564,4.518103361129761
431,finished,0.4480237371799916,0.1011510375463925,0.9895402942030498,9.062386274337769
432,finished,1.2736649723502669,0.2711303968501106,0.9341532112741728,2.892244815826416
433,finished,1.7557258249286396,0.2583968885075429,0.9401929006149382,1.120795488357544
434,finished,0.9887419487189808,0.166269402389914,0.9752370231328432,1.5829477310180664
435,finished,0.4288416933337515,0.1103632488490522,0.9890899401356742,4.554270505905151
436,finished,0.5801745347931355,0.1153473088451843,0.9880822817679888,5.633059978485107
437,finished,0.3351358801747464,0.0902087010469084,0.9927108810271502,7.429242610931396
438,finished,1.946067118566401,0.3101913731638282,0.9040428653292644,5.049076795578003
439,finished,1.073312081248866,0.2903610549042381,0.9159196382241018,3.983014106750488
440,finished,0.6250404391832943,0.1430720168407535,0.9795860409534198,3.991690397262573
441,finished,0.627092262896459,0.1598065219821923,0.974531296361123,3.015383005142212
442,finished,0.3276606868503027,0.078914908050851,0.9937893658040516,4.609703302383423
443,finished,0.573112699854186,0.12619648511207,0.9841177379158114,4.029306650161743
444,finished,0.6268175352226288,0.1654973317613885,0.971090570264134,2.4956626892089844
445,finished,1.0620262813841168,0.2556891240566191,0.9309947643761198,2.8778297901153564
446,finished,0.6374136724462967,0.1221984637639866,0.9842388092642388,2.785256862640381
447,finished,0.6411427260914077,0.1547795894222512,0.9747137217255942,3.510673761367798
448,finished,0.8483834637801729,0.1428848221368758,0.9784508705760973,3.946180582046509
449,finished,0.6358515401797922,0.1342179388228696,0.980985773515064,6.5500569343566895
450,finished,1.708020174066602,0.4075834972477359,0.8466633007724395,0.91054105758667
451,finished,1.166274519090608,0.2028739188561924,0.9620103437149548,1.9950942993164065
452,finished,0.8485160828253399,0.2019861422432806,0.9623421018368176,4.6522135734558105
453,finished,0.9222996072239352,0.1867616369182139,0.967805011750678,6.349690914154053
454,finished,0.6113989877471258,0.1368176368991145,0.9827218556684092,6.855956554412842
455,finished,0.482309854591237,0.0951881781535966,0.991636675326248,7.514142036437988
456,finished,2.118325359656463,0.4150796469814061,0.8311946860157058,5.58516526222229
457,finished,1.4788429650453028,0.2831587223858564,0.9214433192563348,3.268185615539551
458,finished,0.5104753909213009,0.1257853484386476,0.9844981563986716,3.8275704383850098
459,finished,0.6536945675978262,0.1194108460748147,0.986029537378568,4.253175497055054
460,finished,0.4669011774393632,0.1175441664258422,0.9864629074638572,4.915072917938232
461,finished,0.5108359623362705,0.073289734888035,0.9947372887992088,4.73893928527832
462,finished,1.024027526220033,0.1982303122047561,0.9620054781637578,2.2813398838043213
463,finished,1.0916143374814031,0.2113816818424706,0.956796836234579,1.7035861015319824
464,finished,1.159476325105697,0.2589001164434964,0.935189504045815,3.3589906692504883
465,finished,0.7060808062302811,0.1545114403924056,0.9769164746519672,2.4743447303771973
466,finished,0.3035015324735842,0.0771838723220043,0.9942398475191654,5.109812021255493
467,finished,0.5609861387363262,0.1128532852437681,0.987685713152014,3.0864133834838867
468,finished,0.8333212198068539,0.2374729995677286,0.9448821154127128,2.854572057723999
469,finished,1.1161409093165555,0.2974102447198765,0.9135478269955656,2.031632423400879
470,finished,0.5340128314347866,0.1505198171554985,0.977856236757936,4.86877965927124
471,finished,0.352568350466626,0.111607808351843,0.9878254413802748,5.651932001113892
472,finished,0.3784972504313807,0.1119491940483536,0.9877508484507348,7.201075792312622
473,finished,0.8128682568073228,0.173156181838897,0.9706951119267296,9.753490447998049
474,finished,1.4791082544760574,0.3257150441562709,0.8963912256870344,3.426867723464966
475,finished,1.0816208857259595,0.2578752598520824,0.9350558171487596,5.25195050239563
476,finished,1.8457594130368824,0.2308837044978283,0.9479396044481488,4.611236810684204
477,finished,0.5597589850115149,0.1211035235554031,0.9856769846247556,4.080787181854248
478,finished,0.3805256968918388,0.0928304114316509,0.9915840828761238,4.56070876121521
479,finished,0.4274185554991542,0.0979584786007322,0.9906285894883472,3.611039876937866
480,finished,1.473301132394296,0.2756593501258397,0.9245269607775906,1.4877517223358154
481,finished,0.6521926703412632,0.1525462111977892,0.976887377071786,3.097836494445801
482,finished,0.9130930036306344,0.1853205710049032,0.96588906354393,2.668973684310913
483,finished,0.5882094515651218,0.1301662137325854,0.9831715960761724,2.6047606468200684
484,finished,0.5403631094597253,0.1053478286011804,0.9889770570424578,4.503591060638428
485,finished,0.3253334066709211,0.0989755382161575,0.9902702400151192,4.135935783386231
486,finished,1.207336060583383,0.3415922997210003,0.8890223628854832,3.184905767440796
487,finished,0.749467295795979,0.1878622046203597,0.9664341106382642,3.1149842739105225
488,finished,0.6591007027842278,0.1509838408513139,0.9783189521585034,6.002836227416992
489,finished,0.8642911278732117,0.1611062152149961,0.975314386798733,6.186256408691406
490,finished,0.7897325348084917,0.1484519024720065,0.9790400199579063,6.981157302856445
491,finished,0.5328161588961885,0.1100265772776239,0.9884863099060518,6.684062719345093
492,finished,1.3449426488999594,0.21426137907572,0.9558478344759592,2.9843103885650635
493,finished,1.5625402535069062,0.3235101777374047,0.8993438966010173,2.981931686401367
494,finished,0.6509944963511926,0.2049054520855189,0.9596195415035556,4.466923236846924
495,finished,0.6273217952424144,0.1697965263191433,0.9722717909318228,6.298569917678833
496,finished,0.6343260973409286,0.1203824474911117,0.9860623178927956,4.501474380493164
497,finished,1.7546169830388725,0.2904916844839682,0.918841945570938,4.789917707443237
498,finished,1.5306148291222776,0.3034892033512285,0.905939803308983,0.967461347579956
499,finished,0.8362741293617344,0.1934350694050708,0.9617888754974304,2.7348525524139404
500,finished,0.4326403503662158,0.1410071612129985,0.9796950590867508,4.85783839225769
501,finished,0.6359503193174185,0.1449462961078311,0.9785447472295296,5.840763092041016
502,finished,0.3913996502688563,0.1054325738050868,0.9886480881917528,8.224030017852783
503,finished,0.6177327918368466,0.1395529198380592,0.9801117190453218,12.292225122451782
504,finished,1.0950754996872814,0.2611508783058715,0.9336034285556148,3.697067499160767
505,finished,0.9367140989466338,0.2504018753119918,0.9389567248704708,3.9018802642822266
506,finished,0.6323903876180318,0.1513187140922212,0.977708055329754,6.070306062698364
507,finished,1.0523558503325157,0.1880394477001255,0.9655760576064152,5.0513224601745605
508,finished,0.7170416365196549,0.120300692743357,0.9859103914003547,6.087164878845215
509,finished,0.5905674781325447,0.1027700770720103,0.989717563482736,5.92490291595459
510,finished,1.1120103547300466,0.2988303306995587,0.9172977829836496,3.115093231201172
511,finished,0.7898344935187538,0.1670844987180215,0.9741452631918944,7.315213680267334
512,finished,0.588076805376076,0.1367769681580904,0.9826741820539396,4.7494964599609375
513,finished,1.0251221347301824,0.1720565420059371,0.9725836155465584,4.0272417068481445
514,finished,0.6339385828009596,0.1151420756220941,0.9877217659089684,3.350948095321656
515,finished,0.3101962557861051,0.0856707690814672,0.9932027517372184,3.3339145183563232
516,finished,1.1886486086679295,0.2769956160584416,0.9250688284341924,2.3267722129821777
517,finished,0.8739129581426422,0.221432845419913,0.9521148542967104,4.708071947097778
518,finished,0.8994638203285612,0.1925376773034919,0.9637966975611352,2.986835479736328
519,finished,0.5737380798844167,0.1278409638489181,0.9840391210338038,3.4599177837371826
520,finished,0.850612689171793,0.1888876258071222,0.9651563416013804,6.138509750366211
521,finished,0.3859951871770445,0.0865660042928893,0.9926816786540956,6.125343322753906
522,finished,1.1201201231744076,0.3108773772853418,0.8969578775776125,2.562546968460083
523,finished,1.0287479821264551,0.2816485604759711,0.9154231261563384,5.391633033752441
524,finished,0.5809036282814025,0.1279422610926225,0.9825472205683552,3.3608438968658447
525,finished,0.4636208385485375,0.1141902310688253,0.9860974501694564,5.394860506057739
526,finished,0.7097764254091475,0.1742947738317805,0.9676104221909984,4.91914963722229
527,finished,0.4948644813907177,0.1153308244529713,0.9858183308243192,4.003689765930176
528,finished,0.7627529279873553,0.1937284776301261,0.9633059199396148,1.8890483379364007
529,finished,0.995952896729782,0.2251189113461727,0.95045121236302,5.432645320892334
530,finished,0.5988927840211027,0.1513698575552943,0.9775979440632496,3.492061376571656
531,finished,0.7627904737798845,0.169170573834731,0.972019290812457,7.826624870300293
532,finished,0.5390980750956575,0.1211638601843169,0.985646583897345,5.880172967910767
533,finished,0.550217362086732,0.1199756952544738,0.9859267104380848,5.11614203453064
534,finished,1.1482050438470603,0.2689843168462315,0.9311656733204268,2.58603835105896
535,finished,1.417086997112924,0.2316209860923772,0.9489604351866676,3.5247035026550293
536,finished,0.5781394035100182,0.141393986055884,0.9809798899210832,2.9926557540893555
537,finished,0.4439256577882761,0.1143933454150928,0.9875504781320944,3.516784191131592
538,finished,0.3633420022272667,0.1012940305836279,0.990238448380296,2.1263692378997803
539,finished,0.8778459332878368,0.1566939685905846,0.9766409212693132,5.052217721939087
540,finished,2.915290315092594,0.3914903939750631,0.7556652418131096,6.398186445236206
541,finished,1.2782898077292315,0.3300378498474141,0.8263517022731235,6.004013776779175
542,finished,2.2190310290506163,0.3396661963016245,0.8160720679943954,14.35288381576538
543,finished,1.4414932342377456,0.3032627011874278,0.8533841137083282,14.328078269958496
544,finished,2.379925582572398,0.3423817199185437,0.8131194211697959,15.997037172317505
545,finished,1.4753516040891628,0.2553825352335201,0.8960258400807035,15.910679817199709
546,finished,1.8110000115971203,0.3742358122839898,0.7321994468391642,6.175357341766357
547,finished,1.1114361147976912,0.3186780535434296,0.805810791294924,9.194581270217896
548,finished,1.3089410184460053,0.3121004713395686,0.8137442755451663,10.65808629989624
549,finished,1.4094405496577411,0.3178732990954682,0.8067903210011574,7.82077956199646
550,finished,1.0290426076513672,0.2685107821491999,0.8621381063540228,10.518954038619995
551,finished,1.0490473468745924,0.260268780489218,0.8704716197765628,12.753942251205444
552,finished,1.5986591869465003,0.4270664950729613,0.6753541297766913,6.033897399902344
553,finished,1.3623352712913508,0.3467207395059963,0.786017369696046,8.496022939682007
554,finished,1.4418479935289044,0.295464328805484,0.8446078792937277,8.723848581314087
555,finished,1.3136584614163642,0.2766428054431495,0.8637747412822612,10.09274935722351
556,finished,1.3512899693650369,0.2576132845254721,0.8818713092046254,12.618177890777588
557,finished,1.1394666448709243,0.2489107042213665,0.8897176458724425,15.75881314277649
558,finished,1.416098488473695,0.3488974444172275,0.7885050392816889,8.270102739334106
559,finished,2.2904801056359565,0.3779363970758997,0.7518342265056897,8.352553129196167
560,finished,1.94040337673778,0.4020709838117575,0.7191270521495292,11.693307161331177
561,finished,1.603573196695263,0.331878873524173,0.8086344923471553,12.171320676803589
562,finished,1.4355459909043808,0.3024750302186397,0.8410415919332864,18.10500717163086
563,finished,1.0720956141889495,0.2774247859714858,0.8662804314994875,14.39020013809204
564,finished,1.6155476116104894,0.3537237022999513,0.7770140796782791,6.694022178649902
565,finished,1.678350620037154,0.3481364437822825,0.784002812964635,3.296457290649414
566,finished,1.3262065764416773,0.2926670421869738,0.8473500189234683,3.65911865234375
567,finished,1.6082752881832676,0.3584602879829267,0.7710022492464788,4.231732606887817
568,finished,0.9743541681302588,0.2606851199550715,0.8788895543595252,4.074683666229248
569,finished,1.1953239941563991,0.2522036961492545,0.8866420425243482,4.529881477355957
570,finished,2.3417667257671377,0.3459978105560682,0.8111595451695058,2.148183584213257
571,finished,1.611407752891676,0.4460791839303334,0.6861137788219214,3.1311051845550537
572,finished,1.4086258069513264,0.3291586568389085,0.8290933744054437,4.840572834014893
573,finished,0.955941459456938,0.2598519724952451,0.8934875505517933,4.266340970993042
574,finished,1.3260651104449783,0.2783664488566765,0.8777687889180588,6.702108144760132
575,finished,1.0905430141180392,0.2508288023324377,0.9007562547037608,10.000455141067505
576,finished,1.4203438524831582,0.3384459477451348,0.7945082273916809,9.347095966339111
577,finished,1.594688796541716,0.3910651856599029,0.7256442219858446,2.6650760173797607
578,finished,1.811207602182012,0.3564225209933044,0.7720990809364583,3.5352745056152344
579,finished,1.107672049755817,0.2718269036868902,0.8674436070850814,2.9171488285064697
580,finished,1.279101809206404,0.3331821149774714,0.800850526480515,4.056461572647095
581,finished,1.6595805507207482,0.2682069126000778,0.8709506756622603,4.8313071727752686
582,finished,1.435276968219387,0.4117260751468888,0.674256698616233,2.1606385707855225
583,finished,1.1395973332383813,0.323600901256605,0.7987767338412672,2.4138925075531006
584,finished,1.2959224822431024,0.3396432428059923,0.7783311304669925,2.810276985168457
585,finished,1.332509701461034,0.3283398143231237,0.7928400271100022,8.286793231964111
586,finished,1.5921150468238392,0.2877369645461967,0.8409073688422486,13.93199348449707
587,finished,0.8855046461982324,0.2388665338457455,0.8903599148272354,16.25017261505127
588,finished,1.2338555475354265,0.3605654910689392,0.7795210610610067,9.891216516494753
589,finished,1.5704697929087754,0.3766584809797154,0.7594007366061444,9.23076605796814
590,finished,1.2806373941711318,0.3022977740055407,0.8450224858061243,7.274536609649658
591,finished,1.1976206161714231,0.2970689502490082,0.8503373897984693,5.178771734237671
592,finished,1.222468257422044,0.2810861251425775,0.8660083887601303,6.982635736465454
593,finished,1.160428167277124,0.2465914457658626,0.8968771740156187,27.04612946510315
594,finished,1.95940536624729,0.3499358740185259,0.7760694393014742,9.67251443862915
595,finished,1.9275814333709629,0.3377577756497446,0.7913842250503091,11.84914493560791
596,finished,2.0261184053218795,0.3154619780371269,0.8180171433459148,15.047014713287354
597,finished,1.96914097785056,0.2909183203627458,0.8452329243141304,17.39383816719055
598,finished,0.9444296107463116,0.2680033786418012,0.8686539635346745,12.259692907333374
599,finished,0.934224958191671,0.2464301718549666,0.8889485602156949,13.661003589630129
600,finished,1.320532787179499,0.3297985704161826,0.7937667180960271,5.610113620758057
601,finished,1.853110330320454,0.3792231468187848,0.7273215033954045,11.328583002090454
602,finished,1.3179227221185892,0.346965095605839,0.7717384352162755,9.976145505905151
603,finished,1.4141820875469109,0.3292023459904102,0.7945117193400894,17.039653301239014
604,finished,1.0533864392493273,0.2415941969742285,0.8893289036272314,13.829502820968628
605,finished,1.0233062419355234,0.2521027888727729,0.87949182330038,26.58681416511536
606,finished,1.2346584730585697,0.3288549187402526,0.791003641687158,15.270445823669434
607,finished,1.6740606727261111,0.3706897628385271,0.7344469953982908,10.67822289466858
608,finished,1.0727041900175545,0.2780511353716687,0.8505900982420962,5.018462419509888
609,finished,1.2573290004309712,0.3176319800880443,0.8050252022392949,4.995272397994995
610,finished,1.1579027113357463,0.2590877745479454,0.8702749413042887,3.385901689529419
611,finished,1.3734007642118444,0.274583454108994,0.8542935549340476,3.727974176406861
612,finished,1.814415046344377,0.4137247715030053,0.6902102831611732,2.538856744766236
613,finished,1.437847575532453,0.3702928863134742,0.7518383397697375,2.574784994125366
614,finished,1.114364914951697,0.2673250402014689,0.8706628670041403,3.891488313674927
615,finished,1.0761802442174029,0.2879142463380013,0.8499727123290126,3.601803779602051
616,finished,1.1276849982639408,0.3016611379689307,0.8353041415767753,6.011454582214356
617,finished,0.9181742398325684,0.254677809532484,0.8826113360181939,7.756044864654541
618,finished,1.371348435238738,0.3286817894846951,0.7892658888099361,9.910784006118774
619,finished,1.350969059313298,0.3599634006238802,0.7472447144168819,7.306796312332153
620,finished,0.9699766182508802,0.2661450709514327,0.8618278838439183,9.855351209640505
621,finished,1.0569180354545054,0.2741864525430827,0.8533522042422043,10.507354974746704
622,finished,1.0777623341944529,0.2598629218209914,0.8682737923890826,10.495595693588257
623,finished,1.3543468878238965,0.2783403109526489,0.8488751891076434,14.673869609832764
624,finished,1.1426464345451894,0.3372897555258918,0.8134107200819426,6.487668514251709
625,finished,2.3529671728814425,0.4066880430360184,0.7287291080088996,6.924668073654175
626,finished,1.99838644448648,0.3401305570840126,0.8102544111820751,7.065391778945923
627,finished,1.854117429993384,0.3194789384303432,0.8325963770170467,5.806661128997803
628,finished,2.4610973889484247,0.3106912276782504,0.8416790563143217,5.989195823669434
629,finished,1.5381099320637237,0.2351643882177115,0.9092966142204812,5.208664655685425
630,finished,1.816472238534512,0.4196191993548981,0.6983948950887375,2.866241216659546
631,finished,1.0470555209155472,0.2705628902729243,0.8746095544153119,3.0086114406585693
632,finished,1.0696331529838246,0.3042567382337769,0.8414346112141318,2.790937900543213
633,finished,1.20720480606444,0.2472493894478782,0.8952875208105345,3.493332862854004
634,finished,1.1464147388853958,0.2962463354962451,0.8496740488850096,4.289610862731934
635,finished,0.8933313353147032,0.2452269750211711,0.8969935385126844,4.555746555328369
636,finished,1.3615360123528062,0.3910629956851067,0.7229070293411399,1.7848117351531982
637,finished,1.360145361801586,0.323497449478482,0.8103845221034932,1.9632582664489744
638,finished,1.5185789571952046,0.3054304308568409,0.8309727706558967,2.628024816513061
639,finished,1.2266020027615072,0.2971713240284329,0.8399904655807899,5.783269643783569
640,finished,1.5620356278555754,0.3103458568186302,0.8254885340520034,4.248382806777954
641,finished,1.0629758721640814,0.2809236074705133,0.8570090549232134,4.473832368850708
642,finished,1.927925920615329,0.4444211146876257,0.6478121189087036,3.0951826572418213
643,finished,1.4964549321393807,0.3674987186014656,0.7591777014429238,3.4522008895874023
644,finished,1.3487128173727565,0.3566945406370632,0.7731295337068574,4.017528295516968
645,finished,1.8083323490356773,0.3078894655509526,0.8309657548544991,9.297232389450071
646,finished,0.9337007856715208,0.2240905165949068,0.9104569270270132,14.050517320632936
647,finished,1.0073679972047118,0.2685137391437999,0.8714363885351172,4.899959325790405
648,finished,1.7652609985835994,0.3371603559183121,0.7643059119933544,2.176021814346313
649,finished,1.239177557278068,0.3134070291302818,0.7963459049880843,2.688946485519409
650,finished,1.6323504846383374,0.2982994404086628,0.8155067169542276,2.726708173751831
651,finished,1.2848154035399606,0.2715925379865851,0.8470634289009443,3.7944257259368896
652,finished,1.4037545136550549,0.2865042630327595,0.8298085028547741,4.393736600875855
653,finished,1.3277034469113504,0.2505454948906188,0.8698485898585113,3.493118524551392
654,finished,1.9213066598853967,0.3560011689961259,0.7697011063117487,2.179624557495117
655,finished,1.6519455560890854,0.3362808341856008,0.7945087964877924,2.3827834129333496
656,finished,1.0940098755938863,0.2776523963333951,0.8599149286190693,2.6628530025482178
657,finished,1.6532602580379454,0.3056039677821059,0.8302901769232707,2.6891231536865234
658,finished,1.790703898383153,0.292874061764161,0.8441342031316151,2.7805819511413574
659,finished,1.3762258603588429,0.2562933909425632,0.8806386236831879,3.96855354309082
660,finished,1.749934569862752,0.32537771472231,0.7982462079609958,2.945136785507202
661,finished,1.3311130729271765,0.331033740060957,0.7911710914743157,2.87296462059021
662,finished,1.6441099167840698,0.3297581494843405,0.7927773746226942,2.9539506435394287
663,finished,1.1774956277557322,0.2930159699931265,0.8363829044605331,3.4350123405456543
664,finished,1.4272459444859973,0.3032066864439373,0.8248042181003471,3.5642552375793457
665,finished,1.2135778106411477,0.2559896273708296,0.8751205913851726,4.284055233001709
666,finished,2.420525994168809,0.4231428608410488,0.6702586491968976,2.439361572265625
667,finished,1.4097247193245868,0.3387770788077042,0.7886377543358236,2.4246976375579834
668,finished,1.4422369363875085,0.3171988762926218,0.814705445197365,2.796173095703125
669,finished,1.457173598894231,0.2860157113458838,0.849346523670799,5.099533319473267
670,finished,1.31421958737768,0.2792162362301667,0.8564243754920957,7.2742908000946045
671,finished,1.5579350184302585,0.3120295100991148,0.8206956956662828,5.250173568725586
672,finished,1.4795361586205502,0.3769488869994798,0.7485455873873503,5.458495140075684
673,finished,1.3106239557403347,0.322519496980293,0.8159201388484835,14.443004846572876
674,finished,1.2309388828484915,0.3075583487675661,0.8326023442972753,8.279693365097046
675,finished,1.1981116774876717,0.26618091354107,0.8746142583841945,7.664435863494873
676,finished,1.2294943768466644,0.2806614964628532,0.8606008891884926,8.509973526000977
677,finished,0.9223040531871586,0.2466507575558859,0.8923387946213224,8.773442029953003
678,finished,2.147342474679282,0.4367196185831224,0.6530807560339161,2.688150644302368
679,finished,1.482022842174993,0.3448520447204033,0.7836840226926489,5.351977586746216
680,finished,1.1491684663949304,0.319455860655005,0.814371477789956,3.078258991241455
681,finished,1.214298833366472,0.2902665264933276,0.8467442071829263,6.6892054080963135
682,finished,1.0206873186794414,0.2738460556752578,0.8635932168355107,4.685469627380371
683,finished,1.1240033584844953,0.2587499272003125,0.8782178996905676,3.6987264156341553
684,finished,2.480573605858812,0.337977097689208,0.8033354469236845,2.77490234375
685,finished,1.9140302046913955,0.3315685737957365,0.8107228153632451,2.129899501800537
686,finished,1.28187870283626,0.2754473196895126,0.8693742952678778,2.2372021675109863
687,finished,2.7111493582873445,0.4009209572652846,0.7232618315226014,4.762277364730835
688,finished,1.272890455240259,0.255439445614418,0.8876617973769612,4.477094411849976
689,finished,1.1368354159120202,0.2781474249887907,0.8668007950761588,6.656450033187866
690,finished,1.898380343055552,0.4505386897529376,0.6506964977225571,3.0047624111175537
691,finished,1.5821943069002002,0.3683154353538546,0.7665582146849417,4.155405282974243
692,finished,1.5650656239018772,0.3513454226907822,0.7875741539825187,3.564106702804565
693,finished,1.4023713940858933,0.3065099462631878,0.8383305724264147,6.839836835861206
694,finished,1.289916690943995,0.2941428472560633,0.8511134931499305,4.59021520614624
695,finished,1.1579016555326462,0.2687973995304051,0.8756662929836848,5.918355703353882
696,finished,2.116999009888896,0.3773150627289263,0.7514573917004749,3.0667402744293213
697,finished,1.3253251864368538,0.2930561547096156,0.850068025855492,4.049808979034424
698,finished,1.4970702564443763,0.3028320821860538,0.8398981570789039,3.213053941726685
699,finished,1.4445516057619123,0.3031077856042815,0.839606505558875,2.8680334091186523
700,finished,1.2748061780017184,0.2683429132481598,0.8742891315905456,4.260796546936035
701,finished,1.903479890138449,0.2911360028227588,0.8520263468131519,4.9468653202056885
702,finished,1.4484076046425316,0.3773002520284293,0.7435361483580815,1.5370004177093506
703,finished,1.6539902721477455,0.3628905781517648,0.7627515657332921,2.0130491256713867
704,finished,1.4603166996265382,0.3143249373428831,0.8220042449824976,2.158412218093872
705,finished,1.4342750241108495,0.2761472576894075,0.8626168596910687,2.744748115539551
706,finished,0.9525299064935314,0.2537453759605859,0.8840026031090484,3.194642782211304
707,finished,0.9232372820587842,0.2361317641490331,0.8995474899217184,3.943747043609619
708,finished,1.7272941031946567,0.4044232937846187,0.6767187853137173,2.130411624908448
709,finished,1.1193579863860297,0.2880809090704586,0.8359647809009025,2.2193915843963623
710,finished,1.445717880678406,0.3366249096867863,0.7760244327457172,2.756075859069824
711,finished,0.9307194759595916,0.263167226909389,0.8631099904708989,3.8775393962860094
712,finished,1.6322820912819087,0.2578463896094956,0.8685894433719296,4.362744331359863
713,finished,0.9202096262306476,0.2593112738864898,0.8670920550986049,4.312498569488525
714,finished,1.488057519866567,0.293574556857763,0.8318231060205526,3.05468487739563
715,finished,1.2149037058047434,0.2988290746877334,0.8257490319791827,2.660207986831665
716,finished,1.16695063977728,0.2646215241735018,0.8633593773148595,3.625518321990967
717,finished,1.3672119051445948,0.3936849575592808,0.6975684179254868,4.017552852630615
718,finished,1.859967487579092,0.3360857247316623,0.7795908439382371,5.201017379760742
719,finished,1.3362797126755488,0.2402040070770507,0.8874125467632097,5.372822284698486
720,finished,1.5332389482172406,0.33315609212754,0.765733905129691,0.6758561134338379
721,finished,0.8154817080052943,0.1522409719593088,0.9510810625220906,0.9819252490997314
722,finished,0.7983360771541125,0.1612803757074176,0.945099414949464,1.1111209392547607
723,finished,0.1167960953009681,0.0219349438563034,0.9989844835240078,1.387650728225708
724,finished,0.0507173823773227,0.0078665467965705,0.9998693882703562,2.051600456237793
725,finished,0.0192741161129437,0.0029806319834897,0.99998124873229,3.276660680770874
726,finished,0.6518505283220751,0.1567543304546198,0.9460024523062408,0.6591613292694092
727,finished,1.1332850568586057,0.2634890391313602,0.8474331957220629,0.840904712677002
728,finished,0.1401164246710144,0.0225227366243193,0.9988852505708702,1.236907958984375
729,finished,0.0574641816938468,0.0115050124803379,0.999709123168917,1.102766036987305
730,finished,0.0387379493767757,0.0090295314701596,0.9998208299669106,2.071481227874756
731,finished,0.0192952136755879,0.0023826802044914,0.999987524255977,1.932544231414795
732,finished,1.3083648593592658,0.247428442531197,0.8528730484939007,0.2429218292236328
733,finished,0.8753526364326916,0.1526382542339663,0.94400880016947,0.3783891201019287
734,finished,0.8704898231566293,0.2002880542895224,0.9035942164522094,0.5725276470184326
735,finished,0.0998247016952336,0.0138353646580461,0.9995399826475054,2.5258264541625977
736,finished,0.0681065799410028,0.0096999071040061,0.9997738856403088,1.833031177520752
737,finished,0.0311065138007973,0.0067441997185339,0.9998906915240732,3.4040839672088623
738,finished,0.5579269799812023,0.1611269305486488,0.9462870034828876,1.2201859951019287
739,finished,1.5803447651988185,0.2164349121313617,0.9030834946572864,0.9767262935638428
740,finished,1.4647331874387477,0.1928282642374745,0.9230719901401532,0.623732328414917
741,finished,0.3456186999813456,0.0356462740228673,0.9973711161640892,2.094136476516724
742,finished,0.1067371624495679,0.013374036373274,0.9996299434347772,3.6462717056274414
743,finished,0.0684451126481472,0.0069667733606327,0.9998995831766472,2.9698827266693115
744,finished,1.0329044944257508,0.2615257924034724,0.8311070036651778,0.8749651908874512
745,finished,1.3159151558440962,0.2717178798076989,0.8176864189680844,0.722327470779419
746,finished,0.9534192548314736,0.1878768447495604,0.9128376154162476,1.152354717254639
747,finished,0.1039039817159304,0.0186758645841155,0.9991387206795204,1.3972558975219729
748,finished,0.0631760624567447,0.0113044401628283,0.999684440901978,1.7169907093048096
749,finished,0.0917633155729533,0.011208733936883,0.9996897614884744,2.7881908416748047
750,finished,1.3077992427280176,0.3632503990512846,0.7044315130153382,0.610487699508667
751,finished,0.7369335443978081,0.1557820824595417,0.9456398134444428,0.4696450233459472
752,finished,0.9728922513830576,0.1501216386398303,0.9495184686321668,0.6354868412017822
753,finished,0.1676291298147758,0.0218498480282459,0.9989305936226502,1.6770565509796145
754,finished,0.1205858844903711,0.0130950293663598,0.9996158871097364,2.304452896118164
755,finished,0.1364306451223326,0.0174811018678655,0.9993154841077824,2.6775028705596924
756,finished,0.9376093884199742,0.260570667053459,0.8411622193183027,0.4479749202728271
757,finished,0.4332370802784113,0.1381494894006475,0.9553520699523336,0.6474747657775879
758,finished,0.5232649866490479,0.1151826920600581,0.9689631805204666,1.1647164821624756
759,finished,0.1153942957090932,0.0264497952121994,0.9983633817542608,1.8481523990631104
760,finished,0.1549659407699129,0.0232528415567519,0.9987351039813768,2.182523965835572
761,finished,0.0787848260701804,0.0065350467313569,0.999900092025138,2.648582220077514
762,finished,0.7379339495280282,0.1680659611986294,0.9310474928503948,0.949172019958496
763,finished,0.6546857979674232,0.2004995222829531,0.9018665156966224,0.4688229560852051
764,finished,1.3431116303446995,0.2388481314832405,0.8607374859825435,0.6963856220245361
765,finished,0.0866664774654322,0.0126204966977521,0.9996111846252173,2.317645072937012
766,finished,0.055662210662902,0.0075826466056248,0.9998596436174662,2.292015314102173
767,finished,0.0605153741100782,0.0096156841255655,0.9997742899425026,2.0577988624572754
768,finished,1.0629648783459051,0.4127064567102891,0.656939623234822,0.5438258647918701
769,finished,1.1461711740933591,0.2222254733325447,0.9005337572200293,0.5638589859008789
770,finished,0.654560668538895,0.1309768073101781,0.9654477102320764,0.5279850959777832
771,finished,0.1022507046777134,0.016422501716918,0.9994567913645362,0.9522130489349364
772,finished,0.0605650471327828,0.0102639729263596,0.9997878128746678,2.38095760345459
773,finished,0.0297161815219889,0.0039042076357832,0.9999692989063448,2.1997666358947754
774,finished,0.7703926335604904,0.2011381728148026,0.9005687276957215,0.8129112720489502
775,finished,1.2826293450864157,0.2148679662759171,0.8865309700838077,0.788447380065918
776,finished,0.9461196926554936,0.179122858982172,0.9211437681843146,0.8982269763946533
777,finished,0.0503446597550242,0.011254990408956,0.9996886676470372,1.6438100337982178
778,finished,0.0872350732861668,0.0176251455987927,0.999236516910778,2.089216947555542
779,finished,0.0471578156524741,0.0053630340972081,0.9999293104671382,2.510008811950684
780,finished,1.105055703325626,0.2283534612957115,0.8890251082193171,0.4964025020599365
781,finished,1.3290083030624558,0.2262165974167539,0.891092330689028,0.6546316146850586
782,finished,0.94414752260441,0.1563017471528841,0.9480079193419484,1.4148685932159424
783,finished,0.1858696732465104,0.0201291447181734,0.9991376964443026,1.861255884170532
784,finished,0.0458504868325763,0.0073614331895229,0.9998846721270346,2.346527576446533
785,finished,0.0637456032521516,0.0104863021391532,0.9997659793043452,2.591235399246216
786,finished,1.2711100886551108,0.348198759136383,0.7538712871528493,0.5995185375213623
787,finished,0.7016394115085703,0.1415251171562866,0.959339296495626,0.898878812789917
788,finished,0.09826195909517,0.0194370045414887,0.9992330509486654,0.6467266082763672
789,finished,0.1186925490243337,0.0167247756168718,0.99943215678342,1.980823993682861
790,finished,0.119215167252207,0.013146022974291,0.9996491700866684,2.595118522644043
791,finished,0.0577176774662153,0.0050043541895124,0.9999491601896268,2.41216778755188
792,finished,0.9602177567420228,0.2408766830405151,0.8632900529789391,0.5612740516662598
793,finished,0.8087160968030589,0.18936510571999,0.9155089903221848,0.6227962970733643
794,finished,0.0378454319198919,0.0084764975556811,0.9998307052568132,0.7534756660461426
795,finished,0.0347952381303529,0.0078140078799975,0.999856133963032,1.0196239948272705
796,finished,0.2419339036914932,0.033645557517704,0.9973327357202656,2.867576837539673
797,finished,0.0865217572856823,0.0093518510944613,0.9997939342771156,1.9430418014526367
798,finished,0.8260862627498354,0.2020536421742852,0.9167870110392672,0.4998352527618408
799,finished,1.1565741391262203,0.3643733380890203,0.7293855781246681,0.5961546897888184
800,finished,0.4249399412328829,0.1009075097424384,0.9792458604667338,1.3825435638427734
801,finished,0.0283436223378471,0.0069298854988898,0.9999021164136588,2.3878512382507324
802,finished,0.0370106315997723,0.0096986365681406,0.9998082748323084,3.257570266723633
803,finished,0.0236925452078441,0.0029962202160992,0.9999817019329303,2.955599784851074
804,finished,0.937395094551289,0.2552333420399377,0.8469403424378796,0.5545494556427002
805,finished,1.3619851187423238,0.2019421549266989,0.9041835898477704,1.428140640258789
806,finished,0.9964139934484216,0.1486856554786068,0.9480573543168058,0.8092179298400879
807,finished,0.0566137601087399,0.0089502168950716,0.9998117855153892,1.2412333488464355
808,finished,0.0561606205853739,0.010240545627762,0.999753604871624,1.7996768951416016
809,finished,0.06107113672058,0.0050071752228491,0.9999410923765556,1.6138296127319336
810,finished,1.5984188352307953,0.3702624447459531,0.659680900141365,0.4810411930084228
811,finished,0.9498284148655354,0.2434334487683543,0.852894978137858,0.2852954864501953
812,finished,0.7043531754457157,0.1398507596589898,0.9514491704549104,0.5410001277923584
813,finished,0.1153250680946409,0.0183032918776988,0.9991683790798288,1.031041383743286
814,finished,0.0738689032068115,0.0134751210840897,0.999549253515884,1.476884841918945
815,finished,0.0829581290248755,0.0085310465883526,0.9998193359995948,1.6963818073272705
816,finished,1.4178812243724523,0.3257304590929843,0.741194575018554,0.743858814239502
817,finished,1.1898619688939442,0.2276570444587947,0.8735791169545083,0.5318408012390137
818,finished,0.5130869640158439,0.1228311645513074,0.9631978008117056,0.594003438949585
819,finished,0.0435676117231737,0.0072052929556193,0.999873363202473,1.1338093280792236
820,finished,0.1537933784867217,0.0242390700778593,0.9985668602516654,1.6470258235931396
821,finished,0.0554128782650039,0.0049283650130084,0.9999407535456944,1.9074296951293943
822,finished,1.8241128537788656,0.3768177027330422,0.6301782833799534,0.4370889663696289
823,finished,0.4374373223365176,0.1068605700132933,0.9702583685317744,0.4845311641693115
824,finished,0.7678600716499131,0.1325763477156961,0.954221462254844,0.5627002716064453
825,finished,0.1215077969309784,0.0130880971550598,0.9995538480090392,1.0234754085540771
826,finished,0.1005995251083944,0.0101752286218162,0.9997303389837388,1.599184274673462
827,finished,0.0480048543819053,0.0055717350970721,0.9999191442825128,2.269115447998047
828,finished,1.5280147865480138,0.2875457530595186,0.8289319105640511,0.4334790706634521
829,finished,0.73532248428621,0.1388891123590953,0.9600891024695756,0.585374116897583
830,finished,0.4808932398764901,0.1033005295829933,0.9779219767803484,0.9272429943084716
831,finished,0.0368444867063653,0.0108667705573751,0.9997556816512072,1.202608346939087
832,finished,0.0943890295885186,0.0187241520055433,0.9992746303071868,2.34956169128418
833,finished,0.0286521217092788,0.0049929484282241,0.9999484214355748,1.2993593215942385
834,finished,1.144236562246783,0.248418763388059,0.8659247051985853,0.4536221027374267
835,finished,0.555341389272989,0.1248803796383742,0.9661180505589324,0.5623416900634766
836,finished,0.8379955512762972,0.1291380154693077,0.9637683438907856,0.7337872982025146
837,finished,0.0566541111022196,0.0091922886622593,0.9998164191919096,1.3973040580749512
838,finished,0.1119406583198533,0.0109208975212359,0.999740882566718,1.359750747680664
839,finished,0.0244000109904873,0.0034140497215569,0.9999746767377248,1.6341452598571775
840,finished,1.130076071692555,0.2553535134179058,0.8575687623352746,0.3031830787658691
841,finished,1.3215799191311723,0.2425323542772112,0.8715124826395557,0.7563779354095459
842,finished,1.0112391357603576,0.1424376442131659,0.9556829200332948,0.8079421520233154
843,finished,0.0691710179182227,0.0136027227887336,0.9995958214440096,1.462834119796753
844,finished,0.0643109704097951,0.0099104522321983,0.999785459880638,1.6527669429779053
845,finished,0.0714230564719756,0.0097898371943429,0.9997906502185948,1.874960660934448
846,finished,1.3930681756034264,0.2369157260841524,0.8824220369237312,0.4176251888275146
847,finished,0.5948230757045703,0.141855287523605,0.957846929970022,0.4519081115722656
848,finished,0.1187246944794529,0.0190015872906126,0.9992436585261834,0.6017107963562012
849,finished,0.131654491745976,0.0203884560584067,0.9991292232347356,1.4567246437072754
850,finished,0.1371567561073444,0.021321865107392,0.99904766765222,1.2467448711395264
851,finished,0.0316986447572166,0.004368170862008,0.999960029701794,2.0823187828063965
852,finished,0.9046443880964812,0.2079149828751772,0.9142083671313106,0.3246707916259765
853,finished,1.1208984941007845,0.2605398761979881,0.8652831978803163,0.3074829578399658
854,finished,0.8904981869551372,0.1390127439993727,0.9616484790192652,0.5216555595397949
855,finished,0.0431341342771923,0.0086041107789605,0.9998530785022848,1.3329486846923828
856,finished,0.0463820769687574,0.0092541807593566,0.9998300389847712,2.134854793548584
857,finished,0.1205933682328049,0.0155680638646159,0.9995190027767396,1.6912822723388672
858,finished,1.4922947632715284,0.2080440995810564,0.9013323464300268,0.4170076847076416
859,finished,0.5377584899135317,0.1264749896965161,0.9635352450403284,0.594829797744751
860,finished,0.8186273300090293,0.1077260842861706,0.9735451232722916,0.6321895122528076
861,finished,0.7750890280818481,0.1308211245770888,0.9609860655133328,0.6964612007141113
862,finished,0.0372046553021589,0.0074365928536301,0.9998739299271064,1.3548007011413574
863,finished,0.0173788556896777,0.0024974111082173,0.9999857818178975,2.401437759399414
864,finished,1.1841629545466466,0.2730134144469999,0.8276870105062798,0.4957606792449951
865,finished,1.2082337200516096,0.2121632961191581,0.8959383873567177,0.4033432006835937
866,finished,1.2848471911899473,0.1857807824228695,0.9202094204900886,0.5414726734161377
867,finished,0.0490760960434729,0.0085771178615208,0.9998299280074172,1.0902442932128906
868,finished,0.0308172018323111,0.0070626071787096,0.9998846865018304,1.9891307353973389
869,finished,0.0473785057869367,0.0073501809198919,0.999875104698048,1.5558743476867676
870,finished,0.7093229455847652,0.1848051022880096,0.9235624778129232,0.4803569316864013
871,finished,0.6283880077011593,0.1315691983318417,0.9612575445404482,0.8196525573730469
872,finished,0.2710234259742155,0.029093167460952,0.9981056479207256,0.3971865177154541
873,finished,0.0942843638731982,0.013049300739128,0.999618887524166,1.3628180027008057
874,finished,0.1111505341685122,0.0127894816488856,0.99963391277696,1.2566819190979004
875,finished,0.0450235659740791,0.0058614600517957,0.9999231063804924,1.8948907852172847
876,finished,1.259749499255648,0.2687490700959929,0.8359912192956598,0.4711952209472656
877,finished,1.3441563692337797,0.1995688379519642,0.9095604033964964,0.466529369354248
878,finished,1.0508482298956108,0.2009934491322142,0.9082645986514918,0.7079825401306152
879,finished,0.1564684010179524,0.0162958313717493,0.9993969876546844,1.0250520706176758
880,finished,0.0754661986549042,0.0140488742051657,0.9995518161457212,2.019590139389038
881,finished,0.0379211199359097,0.0063925148372442,0.9999072066937712,2.3857743740081787
882,finished,1.118676760851825,0.2057281958547953,0.9026975562808288,0.6040968894958496
883,finished,1.5130629321855025,0.180940879868214,0.9247321504409556,0.408916711807251
884,finished,0.1577573260152573,0.0245669667144049,0.9986124802061472,0.8382976055145264
885,finished,0.0734878640186365,0.0092717147812767,0.9998023684671528,0.932833194732666
886,finished,0.079987987865653,0.0167374938808382,0.9993559538699368,1.7628483772277832
887,finished,0.0916473097586967,0.0106113797692022,0.9997411311300096,1.8475804328918457
888,finished,1.219529222982528,0.381607165843966,0.6871970166750543,0.5154147148132324
889,finished,1.6107818765416824,0.217644721279839,0.8982500696923555,0.6076061725616455
890,finished,1.8208705422416105,0.2615033963647058,0.8531099051092771,0.8866879940032959
891,finished,0.0994465060389105,0.0129921582044399,0.9996374228387428,1.1625430583953855
892,finished,0.0620018189328429,0.0094424413894989,0.9998084833928174,1.8519482612609863
893,finished,0.0438714503170908,0.0066014849059821,0.999906390244037,2.351180076599121
894,finished,0.9120249589010296,0.2116742141298131,0.9045125168445934,0.4670102596282959
895,finished,0.6001540388120913,0.1437716943713529,0.955948843337452,0.4516248703002929
896,finished,0.6121143407957417,0.1266170651663266,0.9658339304966128,0.7773623466491699
897,finished,0.1656827615452996,0.020656697246179,0.9990906474206886,1.4859881401062012
898,finished,0.0362678190340372,0.0070808276863483,0.9998931490012324,2.168562173843384
899,finished,0.0524639307743874,0.0075265297456367,0.9998792741980506,2.3764307498931885
900,finished,1.9097569993365355,0.3778762812605111,0.927321726638522,0.7059535980224609
901,finished,0.8510455911569419,0.1996208464941828,0.9797177037730864,0.5982036590576172
902,finished,0.7795417844875397,0.1847709323259532,0.9826230866301702,0.8992488384246826
903,finished,0.522556359692024,0.1280304269675083,0.991656817889286,0.918586492538452
904,finished,1.3061449878927365,0.2629841698478726,0.9647982260273208,0.7910618782043457
905,finished,0.989021791874274,0.2870348349237531,0.9580652026557808,1.2535240650177002
906,finished,0.8639459311274275,0.1609532884537808,0.986370943783894,0.8430666923522949
907,finished,0.4865486768205295,0.1786527691668415,0.9832086513613556,0.5677003860473633
908,finished,0.3819766399590017,0.1255618072645786,0.991705672287293,0.6786031723022461
909,finished,1.717400135467812,0.2572953470634651,0.9651718874379344,0.4450011253356933
910,finished,0.2079240041776767,0.0332233561003119,0.9994192983276824,0.9022655487060548
911,finished,0.1822358991723346,0.0305787584931589,0.9995080672092048,1.6429924964904783
912,finished,0.9173422724086152,0.1952511292331232,0.9794439713583052,0.5162498950958252
913,finished,0.7518492713368902,0.1487759080349111,0.9880651401151366,0.7934072017669678
914,finished,1.052013430825937,0.1970349616235036,0.9790666520229158,0.8594985008239746
915,finished,1.510281818006092,0.2176466310071164,0.9744579351280352,0.848546028137207
916,finished,1.140639325456939,0.1675718240540911,0.9848590160289118,0.9244012832641602
917,finished,0.0999292630779722,0.0202634128909025,0.9997786001648836,1.119896411895752
918,finished,0.8072652385864219,0.1867002329949389,0.9817532577746804,0.4836480617523193
919,finished,0.8765037814264021,0.1984951330170289,0.97937493423315,0.6113524436950684
920,finished,0.6864730304610182,0.2081469477667069,0.9773203832926234,0.6748847961425781
921,finished,1.7897510859212886,0.3219248690096152,0.9457493842061416,0.9834094047546388
922,finished,0.5335453905499946,0.0620287597569964,0.9979858963696744,0.961129903793335
923,finished,0.676849410634566,0.1061649883626029,0.99409991525183,1.3593897819519043
924,finished,0.9350046065698142,0.2132707542112805,0.9757535473562904,0.2904989719390869
925,finished,0.5182091946639099,0.1505473401335349,0.9879181963742067,0.6218249797821045
926,finished,0.9568644074622458,0.2058439611920227,0.9774128279310887,0.4113984107971191
927,finished,0.5033498596741509,0.1462754404174778,0.988594129727782,0.6211216449737549
928,finished,1.3675342915006987,0.3287041494713266,0.9424035160752544,0.551483154296875
929,finished,0.2335404193264797,0.0293307112021507,0.9995414034466282,0.9443559646606444
930,finished,2.650821957588059,0.4447442964461093,0.895361868327368,0.3358368873596191
931,finished,0.8982957478622167,0.2604737051031317,0.964108056324338,0.5196552276611328
932,finished,1.033532206004154,0.2220514952863139,0.9739158549703316,0.396127700805664
933,finished,1.4550423946387514,0.2291316920135668,0.9722259299536468,0.5770502090454102
934,finished,0.370177548293122,0.0446805070386933,0.9989438991602694,0.8444027900695801
935,finished,0.4242362667772772,0.0557892460165974,0.998353467959572,1.348217487335205
936,finished,1.0756429944429895,0.2331001497626727,0.9722259650309832,0.4327781200408935
937,finished,0.8028610820295897,0.2027877371699221,0.9789797802892964,0.4046249389648437
938,finished,0.9793558421529576,0.1976208684025282,0.9800372908344815,0.6214337348937988
939,finished,2.853630216037569,0.5275959955998735,0.8577157417590116,0.7424366474151611
940,finished,0.4409088605700305,0.0716237470894909,0.9973777871048276,0.7334897518157959
941,finished,0.1043819131938075,0.0107001671373043,0.9999414758660348,0.9981317520141602
942,finished,0.6748656201661531,0.2066363275717272,0.977864193903458,0.1944584846496582
943,finished,1.3498275819973762,0.3333504083572197,0.9423918438268278,0.3363864421844482
944,finished,0.6252512526560792,0.1899929447543456,0.981286417315613,0.5722072124481201
945,finished,0.7424562381635325,0.1537228845161588,0.9877493525300456,0.6594076156616211
946,finished,1.835875898305078,0.2604201289783904,0.9648414389960784,0.8239147663116455
947,finished,0.1616428371522504,0.0242913290961335,0.9996940964282046,1.3301210403442385
948,finished,1.1762008349232136,0.3638934300118865,0.9294036328617336,0.4224703311920166
949,finished,0.590478504609105,0.1702033279161081,0.984555636359061,0.5475997924804688
950,finished,1.2091839260472197,0.2083241659488071,0.9768626707202273,0.6988914012908936
951,finished,1.1805974403655517,0.3134688222510924,0.9476131086370628,0.7744042873382568
952,finished,0.4079380336464959,0.1016364281866803,0.994492776368144,0.8684177398681641
953,finished,0.8382875436849899,0.1692450489876455,0.9847290565255352,0.9732341766357422
954,finished,1.160483263959726,0.2216081319025852,0.9749849038339912,0.3556134700775146
955,finished,1.64858455735655,0.2988309017374945,0.9545135753087196,0.4461638927459717
956,finished,1.1656127964916136,0.2140531029810276,0.9766614512499388,0.6797640323638916
957,finished,1.3094723125527403,0.2203840227814182,0.9752604951229146,0.4620490074157715
958,finished,0.3731298354336779,0.053385039969161,0.9985483232017376,1.2739887237548828
959,finished,0.2217095354704374,0.0223351329967712,0.9997458981207348,1.021331787109375
960,finished,0.5988478261349538,0.1699522312574468,0.9843320909272448,0.261301040649414
961,finished,1.6408772508412166,0.2755721444512446,0.9588065721351272,0.7115814685821533
962,finished,1.3876505004348525,0.2156273463714789,0.9747788446238173,0.3914017677307129
963,finished,1.825968511892177,0.2003517557482277,0.9782257298715948,0.6960408687591553
964,finished,0.4536856227596275,0.0778344955267412,0.9967137429485856,1.4394545555114746
965,finished,0.0736798097462445,0.0161748400777407,0.9998580820621416,0.8398849964141846
966,finished,0.5635070709334187,0.1447097656091507,0.988734683886908,0.3441731929779053
967,finished,1.211524489122047,0.1584090424783457,0.9865008121660854,0.4891054630279541
968,finished,1.7454535267735296,0.2370543707299551,0.9697696178735208,0.5696048736572266
969,finished,1.3832335307061907,0.3015294194083789,0.9510889387951004,0.978318452835083
970,finished,1.2110401914083857,0.2334860399835843,0.9706728715375916,1.046452522277832
971,finished,0.3334190180725959,0.0443737656988018,0.9989407456053828,1.0268197059631348
972,finished,1.2150614258108066,0.2377717171173506,0.9702011511517036,0.4811098575592041
973,finished,1.8732355039475184,0.3634090852032609,0.930390156096172,0.6984546184539795
974,finished,0.8202649804208697,0.1741589083320009,0.9840128707322472,0.5728559494018555
975,finished,1.0847432004860988,0.218047050195427,0.9749400886364048,0.7731344699859619
976,finished,2.506621696611888,0.387376449261106,0.9209056380296082,0.9679834842681884
977,finished,0.8882898842289176,0.1461003686082402,0.9887492435791372,1.274134874343872
978,finished,1.6525909411672264,0.2413986053084022,0.9686843759561432,0.5424597263336182
979,finished,0.6153031380275822,0.2128491486218625,0.975653564173128,0.5885589122772217
980,finished,0.714489888951823,0.1784130541055954,0.9828941439683015,0.6183860301971436
981,finished,0.6142009845361187,0.1923765386411593,0.9801117866559164,0.944434642791748
982,finished,0.6976516766783534,0.20560648626111,0.9772822571266164,0.9570300579071044
983,finished,0.5535108238897559,0.1785375016181945,0.9828702721313056,0.854870080947876
984,finished,0.5124568189610613,0.1893271986913211,0.9814575877796144,0.4471118450164795
985,finished,1.7990006437586472,0.3515330552771211,0.936074732929394,0.5289614200592041
986,finished,1.2966698507712036,0.1811794967358294,0.9830191935610028,1.1964547634124756
987,finished,0.5469424669216238,0.0976338747891681,0.995068928900258,0.63551926612854
988,finished,0.6690718484912549,0.1601889550182208,0.9867258918957024,1.4407222270965576
989,finished,0.1800755987650449,0.0218997304116369,0.9997519051490176,1.0897181034088137
990,finished,0.7333261851742015,0.2001591994006259,0.9790249999981409,0.7340340614318848
991,finished,2.95150262397282,0.4119893102597894,0.9111366350577788,0.6629135608673096
992,finished,0.7408868707219143,0.1722939516878677,0.9844585719209956,0.6807453632354736
993,finished,0.9519123330060288,0.1762154840888379,0.98374305285992,0.9625983238220216
994,finished,1.1779935006332096,0.1905483804019002,0.980990907563468,1.472654104232788
995,finished,0.2303498762878191,0.0319066660121718,0.99946701656477,1.2933356761932373
996,finished,0.37465080015964,0.1266509851694146,0.9917739691993276,0.6217024326324463
997,finished,0.93936423427121,0.1798422085421465,0.983413435529998,0.9692580699920654
998,finished,1.3468386897711846,0.3083705823043126,0.9512337828329184,0.8628840446472168
999,finished,0.9476789376820152,0.2331032348136932,0.9721343109034396,0.8495762348175049
1000,finished,1.1170016084026717,0.2538228457604068,0.966960413415085,1.6455919742584229
1001,finished,0.5938367356367785,0.1230055031938355,0.9922407048763374,1.4618206024169922
1002,finished,0.90053847036831,0.2184830537507223,0.9741013070617224,0.6071619987487793
1003,finished,1.3501401481549271,0.2208095119495964,0.9735468199715476,1.1525638103485107
1004,finished,0.987697508983295,0.1878644940713048,0.9808516328333676,0.6145920753479004
1005,finished,0.7265692398036527,0.1585170946258765,0.9863669025381496,0.9551899433135986
1006,finished,1.42365449848562,0.2567487278952367,0.9642349420668196,0.9051265716552734
1007,finished,0.2905196995054758,0.0312658109710477,0.9994696266085432,1.5202157497406006
1008,finished,0.9289155064359528,0.2797692008737505,0.957811701139863,0.8469605445861816
1009,finished,1.1446631017326665,0.1833434417244607,0.981881469619505,1.062349557876587
1010,finished,1.408539330279289,0.2405852201382197,0.9688017598429955,0.9945871829986572
1011,finished,0.7252835752751264,0.1828102692328064,0.981986695697526,1.0273573398590088
1012,finished,0.5638333305517816,0.1425895427861048,0.9890410849081231,1.0973634719848633
1013,finished,0.27576015477029,0.0339243231315273,0.9993796817025592,1.434990644454956
1014,finished,0.6563702875865656,0.1566553632096493,0.9872461874440562,0.5653514862060547
1015,finished,0.9342639622818812,0.1764002093697341,0.9838285975013712,1.044145584106445
1016,finished,1.1038626314585258,0.2533547442035008,0.9666414183949034,1.1084375381469729
1017,finished,0.9165140612302648,0.2067306184521967,0.9777894608049884,1.810466289520264
1018,finished,1.0874722140577036,0.2409561828439284,0.9698265032034294,1.754413604736328
1019,finished,0.4936723189323447,0.0776276374482297,0.996868285004393,2.479297637939453
1020,finished,0.701448499080822,0.1916448696952773,0.9809890697664364,0.8376748561859131
1021,finished,1.0129924377048722,0.2546193227188943,0.966442338437464,0.6716032028198242
1022,finished,0.8393882828503763,0.234866948397782,0.9714469317953156,0.901181697845459
1023,finished,1.4811719849553762,0.2621127918992578,0.9644380632428318,1.1192564964294434
1024,finished,0.1983484631495591,0.0480550129061649,0.9988046739919816,1.7232413291931152
1025,finished,0.8300813656662251,0.138708533370424,0.9900410091789134,2.557501792907715
1026,finished,0.7573067998488554,0.1641263491708249,0.9858041090985332,0.4514377117156982
1027,finished,1.1298153453182311,0.1985305494434885,0.9792288413073148,0.9283738136291504
1028,finished,1.3685378919725248,0.262539619908283,0.9636758266952494,0.7942321300506592
1029,finished,0.6591502380096147,0.1432900721472631,0.9891797265243608,0.8000259399414062
1030,finished,0.7899318747159852,0.1130964560640993,0.9932593150806897,1.2700231075286863
1031,finished,0.2110598244322053,0.021746481993101,0.9997507793330542,1.8990826606750488
1032,finished,0.5548068336943656,0.1387635153022745,0.9900582599439752,0.8303079605102539
1033,finished,1.2097785470230766,0.2739844161425137,0.9612418053178726,0.6834111213684082
1034,finished,1.2002980634260685,0.1778475314777571,0.9836691984979102,0.5675086975097656
1035,finished,0.8430138497684174,0.1923239429982097,0.9809024117550276,1.1586415767669678
1036,finished,0.5662383069702691,0.0607490590281318,0.998094579086661,0.7089285850524902
1037,finished,1.898040088772788,0.3237421071233735,0.9458859305018436,2.011828660964966
1038,finished,0.9400040191548864,0.2440999627794668,0.9694802826656076,0.5274710655212402
1039,finished,1.0356490701046517,0.2235994452064915,0.974391359474486,0.4703285694122314
1040,finished,1.2801450716888028,0.268800246906348,0.9629912508100829,1.1577317714691162
1041,finished,1.5981350442815356,0.2835028819495259,0.958831974607909,0.8555359840393066
1042,finished,0.998637188099766,0.1681941906841144,0.985510044105338,0.667794942855835
1043,finished,0.2703079867103873,0.0262743909204896,0.9996464015154596,1.2476820945739746
1044,finished,2.0615592875212765,0.4197473264966708,0.9072497464846336,0.441493272781372
1045,finished,1.6562558860329506,0.3177883617664975,0.9468362992974586,0.4293227195739746
1046,finished,0.7632382814596829,0.1490957444168987,0.9882977405259844,0.4366261959075928
1047,finished,0.5925056337109873,0.1631773239628678,0.9859828783888438,0.5120584964752197
1048,finished,0.6906543661694283,0.1440469351040505,0.9890768657227116,1.1587443351745603
1049,finished,0.1034795482066854,0.0211146531305956,0.9997653032203326,1.7565155029296875
1050,finished,1.1738883518693977,0.3360377455762299,0.9386452692256754,0.5403070449829102
1051,finished,1.065402824521388,0.2188159960442466,0.973984626598852,0.724834680557251
1052,finished,2.188218444942479,0.3397356437314614,0.9372874937443492,0.6690895557403564
1053,finished,0.9911007474949584,0.2246773154004761,0.9725722373956318,0.5771191120147705
1054,finished,0.9612091505987306,0.1547352651827528,0.9869908016023768,0.7521004676818848
1055,finished,0.5594466668191513,0.0947895211983776,0.9951180582974136,2.09165620803833
1056,finished,1.7153284909498223,0.2550594438579767,0.964864945392931,0.9341158866882324
1057,finished,0.9235056562686494,0.1922130781817609,0.9800462887366602,0.6571481227874756
1058,finished,2.0061634078623456,0.2942455490015345,0.9532396643180154,0.7668976783752441
1059,finished,1.2352991454295814,0.2014024395188726,0.9780927800064396,0.7259800434112549
1060,finished,1.2786303695090244,0.2534548939251863,0.9653056161739632,1.5195844173431396
1061,finished,0.2252739587416948,0.0541916035524827,0.9984139319366264,1.1367135047912598
1062,finished,1.0810247087230216,0.2272304909822518,0.9731629130078748,0.5278160572052002
1063,finished,0.8923907992193805,0.2450640028164481,0.9687851533285248,0.7529473304748535
1064,finished,1.1240684352404198,0.213635848373315,0.976278048179644,0.6364181041717529
1065,finished,1.1029327706343308,0.1877315159143407,0.9816820641270254,1.2774500846862793
1066,finished,0.7969720925325473,0.1754766967059968,0.9839955386902238,1.400463342666626
1067,finished,0.3511773965235751,0.0569330446740092,0.9983152674001684,1.7770452499389648
1068,finished,0.8302750466427983,0.2375688475085794,0.969756333695824,0.5108952522277832
1069,finished,0.684687089414357,0.1694285540601978,0.9846174383298498,0.8376445770263672
1070,finished,1.054385239339921,0.2497499287493308,0.9665754012898836,4.211425065994263
1071,finished,0.9202764644609482,0.1980634611320326,0.9789784766774404,1.393968105316162
1072,finished,1.7400373227132715,0.2209064634238005,0.973849963357519,1.2014167308807373
1073,finished,0.1406829396866211,0.0265330621592261,0.9996227491692612,3.1284430027008057
1074,finished,1.5406276720867351,0.2015515285269113,0.978407134949271,1.167419672012329
1075,finished,0.8574012932487861,0.1873072861651481,0.9813513489991637,0.7164998054504395
1076,finished,1.118974823267926,0.1774880043545799,0.9832553493569408,1.3162524700164795
1077,finished,1.910484315461408,0.3147220755383458,0.9473507132967506,1.115419864654541
1078,finished,0.5596650898315648,0.1025550274123816,0.994409482794318,1.904846429824829
1079,finished,1.0125883671243894,0.1539586845801736,0.987400698693516,1.7158172130584717
