,progress,normalized_mae,normalized_rmse,r2,log_likelihood,learned_noise_std,cpu_time
0,finished,0.0197512398710748,0.0027155096866483,0.9999786963117698,-55624.90295014302,0.0004541135647888,159.84195828437805
1,finished,0.0303216159005474,0.005003971660828,0.999927659456377,-5880.960495892029,0.2592437747294606,221.12548160552976
2,finished,0.0292070348043634,0.0058320052968378,0.9999017374784288,-8183.181696111726,0.4402923246032759,258.0468938350677
3,finished,0.0153726335028164,0.002226532942541,0.9999856777801722,1904.6005043542164,0.1393378337709385,115.71941351890564
4,finished,0.028491500682635,0.0040375249010376,0.9999529041637538,-4491.255696395621,0.3389161801380504,212.1680929660797
5,finished,0.0468388238482854,0.0055688176085645,0.9999104061760478,-8016.344142952083,0.4873147237679763,246.95153975486755
6,finished,0.0136739457529475,0.0016529941779815,0.9999921060434248,3251.463767318482,0.1117416316911845,149.21896648406982
7,finished,0.0260726754130873,0.0035618800795006,0.9999633469033185,-4350.846595488345,0.2876130098603905,235.5211853981018
8,finished,0.0383312403370055,0.0062174074690715,0.9998883211980696,-8373.774668474427,0.5919891343187185,285.2620887756348
9,finished,0.0136485703760044,0.0016944953014018,0.9999917046861316,2971.654845664195,0.1148792420491466,208.34175610542297
10,finished,0.0249038996017015,0.0032828516819555,0.9999688645885718,-3846.044024345672,0.3343350075469893,279.8102915287018
11,finished,0.0351506697891186,0.0044004635524791,0.9999440565891554,-7380.247192465551,0.5071444479254464,249.37117958068848
12,finished,0.0115161303688811,0.0014133683583192,0.9999942288440008,4118.582732352818,0.1252894825230948,156.04978561401367
13,finished,0.0190479334066318,0.0032557394435605,0.9999693767438352,-3727.3335857206976,0.3348634153706189,276.56033396720886
14,finished,0.0311697222972739,0.0042110438201842,0.9999487691446924,-7231.71789537585,0.5355540873395848,284.4729514122009
15,finished,0.0151654632541072,0.0015866394108985,0.9999927270841886,3528.9121776993816,0.1301919337540915,168.1773121356964
16,finished,0.0239501930756366,0.0029935113316995,0.9999741110821116,-3655.5099365745054,0.3748391420343661,264.7936816215515
17,finished,0.0478381816104725,0.0047209085974041,0.9999356122470268,-7449.243055902911,0.5401402229276427,285.3698024749756
18,finished,0.0189731854295427,0.0014573434866428,0.9999938641330514,3965.531410529537,0.1287701555015154,197.7730565071106
19,finished,0.023283699525505,0.0031432155072309,0.9999714569484436,-3551.2003474753333,0.3678871209186551,303.8576481342316
20,finished,0.0655456951667284,0.0067387473157423,0.9998688070708132,-8784.864971256076,0.6513957662178544,299.31384468078613
21,finished,0.0260884310411665,0.00192835097078,0.9999892570328748,2626.280487052206,0.1564158780870069,236.2525019645691
22,finished,0.0230469415519351,0.0029299678118109,0.9999751985093744,-3438.16247331209,0.3387785703331989,269.49714708328247
23,finished,0.0366277247804471,0.0040023091857014,0.999953722130572,-7278.592982305753,0.5003514159457666,329.3777678012848
24,finished,0.0089338510106025,0.001185995689513,0.9999959363311836,4780.321691621044,0.1202558693637631,314.7002239227295
25,finished,0.0192784044684375,0.002567239706582,0.9999809592115648,-3151.0823242035544,0.3354969608283579,383.0134482383728
26,finished,0.0264867463000106,0.0036122964846585,0.9999623019520874,-6825.301599427712,0.5496058467128171,304.15455436706543
27,finished,0.0132083432406776,0.0011879056038792,0.9999959232324702,4793.489830596256,0.1146791573665954,355.07478642463684
28,finished,0.0312144636132052,0.0032494187786779,0.9999694955318746,-3794.9482022973607,0.3652106233305717,408.1970882415772
29,finished,0.0291332471444093,0.0038565153944178,0.9999570322884628,-6935.369099951296,0.5450227362765011,349.61178183555603
30,finished,0.0146764589199676,0.0013339804699626,0.999994858959468,4337.385325364449,0.1292617886085144,341.8314006328583
31,finished,0.0213615813415347,0.0025106420230369,0.9999817895082864,-3044.400024904676,0.3345860897036381,426.163957118988
32,finished,0.0514314470770421,0.0046197872875594,0.999938341061464,-7475.090611795663,0.5778091223938894,389.676607131958
33,finished,0.0153094194752892,0.0011644191391346,0.9999960828450114,4666.111235599103,0.1097495374183252,412.4266090393066
34,finished,0.0369033678776778,0.0028714356913188,0.999976179532886,-3452.6628085948,0.3354104355188634,432.9525434970856
35,finished,0.0515410715554015,0.0049817630601477,0.9999283001542836,-7688.889141280264,0.6079350829436989,442.5528953075409
36,finished,0.0151284889264754,0.0013189176074547,0.999994974405806,4277.311395845494,0.1233876131403625,469.4735414981842
37,finished,0.0233859161752127,0.0027453106947986,0.999978226156906,-3340.077417678116,0.3315539950820827,457.0935821533203
38,finished,0.0257631074852276,0.0035203615906979,0.9999641964052388,-6773.358692583181,0.5450316637399213,481.0934154987335
39,finished,0.0152460092903442,0.001254105341448,0.9999954561904468,4454.227934864053,0.1322421349640817,421.7846205234528
40,finished,0.0236398422009065,0.0026967039041393,0.9999789903598998,-3338.2692723380574,0.3546756403287328,503.66760325431824
41,finished,0.0374283732129004,0.003817038144851,0.9999579074646652,-7030.483574495258,0.5607422721888162,474.4404544830322
42,finished,0.0133100411822349,0.0012923000587949,0.9999951752055788,4347.128029367072,0.1411246151552475,513.1359565258026
43,finished,0.0172004529466462,0.0023168081427245,0.9999844928414624,-2970.5777553043954,0.351944673734481,518.3607227802277
44,finished,0.0300694088674692,0.0034292675773222,0.999966025362482,-6724.338335371659,0.560018222471689,589.8106541633606
45,finished,0.009502729254107,0.0012195099019901,0.999995703421538,4632.635220431734,0.1195893409795663,537.4069774150848
46,finished,0.028278686164906,0.0024609140326071,0.9999825037502044,-3093.053935744761,0.3388028286147239,499.0143532752991
47,finished,0.0530953116058849,0.0042771379008309,0.999947148345096,-7478.751667408119,0.5161933167270321,569.4290704727173
48,finished,0.0106736886654831,0.0011517782071775,0.9999961674326184,4857.284940501729,0.1267227190863832,519.8827497959137
49,finished,0.0296652870964721,0.002626792245265,0.9999800655831248,-3202.187968658593,0.3576708265879089,509.8026449680328
50,finished,0.0482179049752916,0.0046489430446587,0.9999375603390364,-7362.199907713793,0.5947508376852126,544.164413690567
51,finished,0.0121728826922102,0.0011316315237572,0.99999630033706,4876.329851304921,0.1256440493052701,678.5268483161926
52,finished,0.0262968695753651,0.0029156206202437,0.999975440805917,-3520.9734445464624,0.3449942121105948,633.7376916408539
53,finished,0.0476968642582743,0.0038513572678611,0.999957147151054,-7112.318310354088,0.5719062639240393,617.0612559318542
54,finished,0.0097693589656376,0.0010945326121244,0.999996538937058,4987.856578574173,0.1225763926536665,559.0563778877258
55,finished,0.022678082178108,0.0024064263482804,0.9999832699502166,-3042.6142273864457,0.3416868039639459,599.8553922176361
56,finished,0.0325122000030061,0.0036917360405901,0.9999606256526804,-6926.911520121816,0.5473064242758943,680.327353477478
57,finished,0.0150027697603107,0.001498951459349,0.9999935087666192,3775.796370602217,0.1352931795955221,826.3644094467163
58,finished,0.0253647674957769,0.0031436691602619,0.9999714487087435,-3636.234799351324,0.3744993956159035,777.6954576969147
59,finished,0.0354856929792554,0.0041744037712952,0.9999496567796108,-7230.97538048706,0.5722949189233669,851.0632088184357
60,finished,0.0152207348625263,0.0023722268606624,0.999983742097178,1421.4321006776715,0.1313443977023974,213.43279337883
61,finished,0.0327257205496145,0.0062547973555566,0.9998869739441176,-7522.101871213545,0.2752839070980747,257.4127149581909
62,finished,0.0582292221271288,0.0089913817183132,0.9997664365099452,-15769.38742356711,0.2828528857630916,234.3858437538147
63,finished,0.0154631203741025,0.0019177907788882,0.9999893743737116,2493.1506125090964,0.1141761902289667,164.83639287948608
64,finished,0.0331693899472586,0.0039679890354205,0.999954512401194,-4788.906681421186,0.2882814825374262,298.1502945423126
65,finished,0.0735069582301025,0.0058763715275741,0.9999002367527632,-8217.787447629631,0.4820813907575126,264.2138023376465
66,finished,0.0116156139283194,0.0015173928078931,0.999993348062996,3770.2173885599896,0.1185522844889961,333.18266701698303
67,finished,0.0230467708576106,0.0037865869615562,0.9999585763889368,-4295.298385797119,0.3487004999376281,335.60275411605835
68,finished,0.0311026318648685,0.0053784490818332,0.9999164269584588,-7836.648332737939,0.577030238326201,331.5129475593567
69,finished,0.0128030087801279,0.0015471033429909,0.9999930850230908,3453.4096850587307,0.1149655487974073,310.2196068763733
70,finished,0.0289216200474985,0.0033288217961882,0.9999679864985024,-3842.0734090313535,0.3315813637976371,288.6950852870941
71,finished,0.0370847766644329,0.0046390508317112,0.9999378257797048,-7346.165457991763,0.5418358521582176,364.73773431777954
72,finished,0.0128238606554505,0.0017556437834683,0.9999910951852068,3039.8128007985706,0.1403038175300761,280.3043215274811
73,finished,0.0252510441135652,0.0033518949610543,0.9999675411681322,-3961.290396574104,0.3536166169213046,371.70630145072937
74,finished,0.0312090674661113,0.0038029963711784,0.9999582165874322,-7024.278682089738,0.5029772772599862,366.5084598064423
75,finished,0.0115134312541495,0.0015069157388326,0.9999934396044884,3646.906317572421,0.1192395863912923,288.0529634952545
76,finished,0.0238018263569013,0.0031592988637673,0.9999711641002028,-3616.0740647237662,0.3670565342717458,398.03080201148987
77,finished,0.0370916371526015,0.0041847856251477,0.9999494060583513,-7193.4241341874185,0.4903952377166301,440.7154903411865
78,finished,0.0117972746569104,0.0015401703948591,0.99999314685963,3699.757659560948,0.1445877870323926,325.56655836105347
79,finished,0.0277409928330429,0.0028028932591228,0.9999773031700764,-3340.333913154527,0.3317056584530742,323.3244547843933
80,finished,0.0406920768693732,0.0049823574380821,0.9999282830441368,-7579.338029892586,0.5605405557928308,438.34725618362427
81,finished,0.0110944910584056,0.0013506406362292,0.9999947297440264,4239.904431777098,0.1300878757857877,303.4267990589142
82,finished,0.0167058144343329,0.0027466324709265,0.9999782051850908,-3197.2323086253914,0.3464827976008966,418.5796673297882
83,finished,0.0289112771239589,0.0037561988616988,0.9999592385862376,-6947.596299924662,0.5304576163081199,355.6593849658966
84,finished,0.0137871584846906,0.0013267721045526,0.999994914370134,4194.973906265006,0.11778456896386,452.68754959106445
85,finished,0.0195462835700226,0.0026153477452205,0.9999802389066546,-3182.1734904190102,0.363714641079949,440.8304796218872
86,finished,0.0327560016962563,0.0038093452458289,0.9999580769611714,-6998.147849380122,0.583958080408977,516.4854023456573
87,finished,0.0127193154266577,0.0013005739257609,0.9999951132269408,4338.828984358982,0.1284145689078697,395.59533762931824
88,finished,0.0156321130722246,0.0025317518352439,0.9999814819883897,-3222.3734912563687,0.3306469007459476,404.56187295913696
89,finished,0.0319010888077135,0.0038544276085342,0.9999570787983766,-6885.548228875168,0.5323123077334219,494.5589935779572
90,finished,0.0133956306538458,0.0011844625008472,0.9999959468309584,4704.07832641804,0.1240745483878,363.3931059837341
91,finished,0.0251055496342892,0.0026816484688591,0.9999792242946038,-3340.6347842127752,0.3576980273022352,509.21824169158936
92,finished,0.0357543340036636,0.0033980588841658,0.9999666409337468,-6832.676728063628,0.5465172110567864,473.1907615661621
93,finished,0.0118448926773628,0.0012901051809758,0.9999951915807872,4410.8731995061935,0.1264917093087413,517.8432464599609
94,finished,0.0192552393560728,0.002805169259761,0.999977266294628,-3280.935232391096,0.3547512099478561,456.1236960887909
95,finished,0.0254776655591875,0.0035901266378773,0.99996276326266,-6845.505869295519,0.5380069263698807,532.3670527935028
96,finished,0.0120025225009403,0.0012523690399307,0.9999954687634928,4451.44316448,0.1180981799922259,490.3654098510742
97,finished,0.0209032784246886,0.0023576712174183,0.9999839409974012,-2937.96879469685,0.3281073826832232,483.0421516895294
98,finished,0.044686110190779,0.0045728315618337,0.9999395881000618,-7333.101814985251,0.583748463928296,535.1076939105988
99,finished,0.0099288635272587,0.001262217081249,0.9999953972202764,4477.684171778736,0.1244950688577663,495.4642457962036
100,finished,0.0240567664857901,0.0027910101528896,0.9999774952124336,-3418.4429745450125,0.3768524367905018,528.3839812278748
101,finished,0.0268295666324258,0.0037631251284284,0.9999590881231064,-6961.31099302218,0.5410715648881295,551.6140284538269
102,finished,0.0090071202827123,0.0012098920216377,0.9999957709257428,4685.230775089138,0.12871357833242,572.2567994594574
103,finished,0.0264763854293027,0.0024914900013405,0.9999820662801004,-3051.183206359763,0.3618897426535971,597.2764389514923
104,finished,0.0310455024970482,0.0036007539059416,0.99996254248466,-6872.420197108791,0.5336653539765693,583.079213142395
105,finished,0.0122101957159169,0.0012607705280294,0.9999954077641846,4452.75215824979,0.1257846643923107,606.770635843277
106,finished,0.0302135984644707,0.0024435188707092,0.999982750223208,-3010.39495580703,0.3217418765520973,628.9781837463379
107,finished,0.0320761967847014,0.0034364617895817,0.9999658826631264,-6889.891829904903,0.5178036653693228,732.0245583057404
108,finished,0.015005234719381,0.0012483911554818,0.9999954975028,4569.732820441198,0.1258434680005036,576.3714303970337
109,finished,0.0321545464043191,0.0026856519544411,0.9999791622153829,-3303.24021414608,0.3296124264231971,652.4025473594666
110,finished,0.0314181072524097,0.0037092320579822,0.999960251559476,-6880.966817570674,0.5535418393164943,747.466680765152
111,finished,0.0120710105786748,0.0010821250406891,0.9999966169611992,4886.42758656224,0.126043464290567,717.4415948390961
112,finished,0.021660904507817,0.0024562240741297,0.9999825703746318,-3038.0453278725663,0.3371567334936072,813.6598625183105
113,finished,0.028947827479134,0.003451811380312,0.9999655771996802,-6791.113848409383,0.5475072069405467,792.2722809314728
114,finished,0.0138910055704488,0.0011745533464594,0.999996014364502,4734.396919122793,0.1152506293116319,790.6013114452362
115,finished,0.0238279213600263,0.0024643913041049,0.9999824542708704,-2975.984914879414,0.3287098009053231,790.4920256137848
116,finished,0.0277817262411345,0.0035454891327122,0.9999636834652584,-6780.119036390523,0.5709006915164104,824.8904299736023
117,finished,0.0114654572983789,0.0011094963727736,0.999996443655217,4988.917919510317,0.1245853305574917,717.071141242981
118,finished,0.0293652891639396,0.0024322323681672,0.9999829092070576,-3131.9769928883043,0.3463004922143271,678.9972455501556
119,finished,0.0401243096184424,0.0039559746717786,0.9999547874408622,-7058.979486523269,0.5595572935155384,877.2508854866028
120,finished,0.0223900377660608,0.0036997735952074,0.99996045401637,-17483.629557610373,0.041726896042465,378.8506338596344
121,finished,0.0456632200735799,0.0051838058486222,0.999922366433211,-6717.638224580378,0.2441360611550135,407.1829874515533
122,finished,0.0366363519354415,0.0051356708058344,0.9999238014967164,-7787.864577442045,0.5721717632146559,490.9536070823669
123,finished,0.0155090812202486,0.0017296149989365,0.9999913572695058,3273.400593132961,0.1189289933504365,341.9390642642975
124,finished,0.0268056166049343,0.0046634321518516,0.9999371705279596,-5361.075359763197,0.314326421121869,435.40073108673096
125,finished,0.0419066189218315,0.004979044808465,0.999928378377616,-8392.01070295494,0.3827815540734173,409.3388912677765
126,finished,0.0133795257696317,0.0020291649105042,0.9999881043884912,2367.492004678239,0.1410807298085805,364.5969843864441
127,finished,0.0208396557078606,0.0033213307930056,0.99996813041934,-3992.433118074309,0.3938077076866664,408.5504531860352
128,finished,0.0461556862041583,0.0045417477455459,0.9999404066082846,-7409.788127170043,0.563587925823586,416.5651581287384
129,finished,0.0151632221863368,0.0014344814819535,0.9999940551352638,4067.972125823346,0.1184566050367786,344.3323013782501
130,finished,0.0304175180096234,0.0033508887680547,0.9999675606526016,-3919.986991856365,0.3120622464382943,293.5204870700836
131,finished,0.037583111317383,0.0042876160232907,0.9999468890761845,-7188.608019459887,0.5320065928904192,425.5173964500427
132,finished,0.0172247679869148,0.0015530578333151,0.9999930316919404,3585.053047651819,0.120528852946388,394.780975818634
133,finished,0.0317843031325624,0.0033784282268084,0.9999670252524712,-3939.582943962189,0.3278726459440316,418.0676386356354
134,finished,0.0391300461955842,0.0048483691674728,0.9999320884806882,-7605.10701162662,0.5048201363834454,457.99868273735046
135,finished,0.020925094499286,0.0014302214721928,0.9999940903920136,4058.6885300602,0.1217288889352578,322.37427020072937
136,finished,0.0394874795083251,0.003196040808918,0.9999704894898578,-3706.9091064911786,0.3340592276229514,401.8585195541382
137,finished,0.048173862602881,0.0044527361540955,0.9999427196043807,-7320.2609949622465,0.5426081285953644,402.284126996994
138,finished,0.0165154342881728,0.0013237709929214,0.9999949373511436,4320.091638026028,0.1210384238871866,445.3527662754059
139,finished,0.0172577827172749,0.0026531671815157,0.99997966326084,-3412.9074779139714,0.3008739435271221,470.21936774253845
140,finished,0.0319821165869562,0.0033884401569527,0.999966829522368,-6711.385155527487,0.5379639125740101,408.76582384109497
141,finished,0.0234962449090449,0.0014731798069699,0.9999937300568984,3842.72845953313,0.124936743222767,404.5087673664093
142,finished,0.0176724007796542,0.0025895364608353,0.9999806270326872,-3162.64958244076,0.3372145068574665,582.996860742569
143,finished,0.0650997019485415,0.0049248567997538,0.9999299288412852,-7546.975574559756,0.5974335419123661,573.9700767993927
144,finished,0.0138035861429382,0.0012331800568814,0.99999560655625,4603.300296572477,0.1335612594977186,347.8062598705292
145,finished,0.0302618630011366,0.002973356826283,0.9999744585147964,-3457.083123421928,0.3669142622090413,450.3472058773041
146,finished,0.0428181947260072,0.0042393242402633,0.9999480787243694,-7131.50098297237,0.6063114637629118,536.4738421440125
147,finished,0.0161231160222591,0.0012818288163836,0.9999952530774456,4435.929412051313,0.1317558931807267,486.7444486618042
148,finished,0.0390106805566276,0.0027986497764887,0.9999773718424708,-3356.859689308112,0.3458641580896706,575.8952572345734
149,finished,0.0639251483683373,0.0047101016048372,0.9999359066994632,-7463.215413797808,0.5495855421524174,655.3131973743439
150,finished,0.0090634735686529,0.0010861546690348,0.999996591718698,5036.558770652897,0.1172363079097102,393.57793712615967
151,finished,0.0272894221401908,0.002399156497075,0.9999833708810074,-3027.209628870657,0.3289412189034528,535.2295360565186
152,finished,0.0468761971280827,0.0040706525730288,0.9999521281556644,-7078.4128795427,0.5481483520455229,536.0966484546661
153,finished,0.0122461552077972,0.0011811710803865,0.9999959693257991,4661.3406517527,0.1266193638880849,531.3489091396332
154,finished,0.0236605371218272,0.0027479120226482,0.9999781848736082,-3329.7338073240385,0.3430948951755547,428.0610499382019
155,finished,0.0505794397000943,0.004379739587502,0.9999445822788928,-7225.654077935667,0.5721928606914828,750.7276282310486
156,finished,0.0172535548310232,0.0014383010545649,0.9999940234345086,3981.644315822463,0.1305411163584011,494.4057929515839
157,finished,0.0184691789549611,0.00227768052758,0.9999850122064252,-2802.1366081630304,0.3261187873817614,612.6106927394867
158,finished,0.0439516021399403,0.0037135058895003,0.999960159909235,-6920.087669815712,0.5663836346441347,589.4026970863342
159,finished,0.011566814147807,0.0011437028841359,0.9999962209858532,4760.693452266618,0.1240162951358309,640.7279393672943
160,finished,0.0189744968361269,0.0023016604370121,0.9999846949557138,-2912.192031140601,0.3336024270114259,614.6164908409119
161,finished,0.0402995318509724,0.0039818031376571,0.9999541951300852,-7146.750901560316,0.5903075829854171,669.0935845375061
162,finished,0.0114499053948311,0.001139374077109,0.9999962495381376,4793.663007573716,0.133276925242933,627.2773115634918
163,finished,0.0178074616000402,0.0024686033872441,0.9999823942420696,-3046.946542348821,0.3323970728286481,714.632021188736
164,finished,0.0368734160606447,0.0039757188476732,0.9999543350050006,-7119.504340115553,0.5898643448879395,749.8979158401489
165,finished,0.0266815653982359,0.0015810603639997,0.9999927781412848,3457.6370535465667,0.1384424979600993,566.7285652160645
166,finished,0.0325233731658046,0.0024858283077314,0.9999821476931202,-3089.458832658448,0.3467716068013775,694.0919127464294
167,finished,0.0361508910060994,0.0043412694135822,0.9999455515448722,-7266.514095175336,0.5605653863471007,755.4274225234985
168,finished,0.0133891347066547,0.0010738369792177,0.9999966685845456,5049.982685058524,0.1182597372360329,656.1774950027466
169,finished,0.0255872574617449,0.002584868743269,0.999980696810458,-3117.313993496461,0.3540797130769227,741.5758903026581
170,finished,0.0455371041042511,0.0047975106850933,0.9999335057661424,-7509.123348285324,0.5793950605125447,820.1125733852386
171,finished,0.0240731960296394,0.0013793441023991,0.9999945033595468,4298.092065295215,0.1269208698353742,834.1232950687408
172,finished,0.0360781750420912,0.0026117275508364,0.9999802935758562,-3214.893570177296,0.354649746289407,756.275398015976
173,finished,0.0476693696633823,0.0038762730689668,0.9999565908968848,-7029.81192967731,0.5668484576914888,827.5257270336151
174,finished,0.0131922745798379,0.0012095271440709,0.999995773476155,4539.913320618778,0.1308611169899319,835.6830871105194
175,finished,0.023526059399711,0.0026849459714153,0.9999791731692882,-3243.7003900507607,0.3493915964315747,837.1521723270416
176,finished,0.0315378667826114,0.0040464890729872,0.9999526948058702,-7083.573972152042,0.5770974779313636,927.3614959716796
177,finished,0.0140786912807805,0.0011282204442153,0.99999632260725,4915.993003917197,0.1253419735719998,877.0288891792297
178,finished,0.0234583566534447,0.0024077445333889,0.9999832516165222,-2958.1716198388576,0.3396547983992614,812.4503123760223
179,finished,0.0496641538769774,0.0035650103278312,0.9999632824521256,-6826.247019309485,0.5621700992027553,894.0109560489655
180,finished,0.0147244412662329,0.0022687437333872,0.9999851295890462,-2376.7004630034235,0.0578346947604402,300.1057057380676
181,finished,0.0206226950409393,0.0036815246528858,0.9999608431713009,-4114.09667682322,0.2755516672597131,557.026403427124
182,finished,0.0392311298947378,0.0071653560813591,0.9998516704633568,-9522.95161720018,0.3958529670962412,585.1315348148346
183,finished,0.0200649202153897,0.0025359747790978,0.9999814201610484,912.6303128228,0.1393250041938356,407.2012858390808
184,finished,0.0283568477562354,0.0041108628284753,0.9999511777201204,-4774.040256723551,0.2917362370634629,568.9682466983795
185,finished,0.0316966479733195,0.0062737166818522,0.9998862891542648,-8637.163272673035,0.4737877763525472,551.2389762401581
186,finished,0.0114423885825129,0.0019193785897491,0.9999893567717194,2465.8846394395323,0.1314485079025175,442.4607858657837
187,finished,0.0188248138559582,0.0030073755746052,0.9999738707212866,-4003.7574823009736,0.2583864800803988,606.1719150543213
188,finished,0.0250916532588985,0.0043374393185579,0.9999456475770432,-7343.0805829976,0.5788806479391729,606.3117353916168
189,finished,0.0124175566765974,0.0014687362388787,0.9999937678240473,3868.271486463851,0.1252766455007101,354.0665898323059
190,finished,0.0225093274167494,0.0033057363007813,0.9999684289883242,-3775.17954693384,0.341871019345433,667.6887395381927
191,finished,0.030941401576025,0.0043808991450206,0.999944552930782,-7337.485261321735,0.5106331042574347,574.3464195728302
192,finished,0.0162118446072349,0.001460733012321,0.9999938355579562,3861.556472578233,0.1273966893370228,417.7826662063599
193,finished,0.0177210897091464,0.0031046690230511,0.9999721527250968,-3744.860219683244,0.3289979110752141,433.9236328601837
194,finished,0.0288609699975174,0.0038546636814998,0.9999570735406073,-7002.332585074395,0.5553185387471877,486.1318259239197
195,finished,0.0141470564004723,0.0014616813500369,0.9999938275511944,3901.929681148592,0.1277815429727982,510.2235178947449
196,finished,0.021906628577255,0.0024940466314731,0.9999820294560208,-3135.405899299677,0.3335011000614911,602.5571234226227
197,finished,0.048203503759236,0.0043975461055869,0.9999441307439916,-7413.886148894911,0.5022534926546525,535.909108877182
198,finished,0.016922586163648,0.0011820935923261,0.9999959630273092,4699.680909393761,0.1246853713320074,414.2494235038757
199,finished,0.0235431936286908,0.0026567075034107,0.9999796089509267,-3187.655884196399,0.3260853479712007,539.2084374427795
200,finished,0.0423426248434712,0.0046552626494173,0.9999373904672298,-7424.980415869296,0.5444638417393677,604.7694153785706
201,finished,0.010491675794847,0.0011153116911868,0.9999964062770385,4882.591945156838,0.1289008036612675,393.21175813674927
202,finished,0.0205065899219777,0.002461719394383,0.9999824922966418,-3103.936542564369,0.3203759844011306,757.5497717857361
203,finished,0.0264861557451067,0.0034112124248277,0.9999663821747876,-6793.607723826564,0.5671895834072245,615.0481736660004
204,finished,0.0107397730993411,0.0010389279365202,0.999996881663816,5097.470386484716,0.1111321218365838,397.7454128265381
205,finished,0.0199611603885113,0.0026540678926477,0.99997964945045,-3269.5404492250927,0.3499135005201302,624.1781413555145
206,finished,0.0254876940814833,0.0042680331270828,0.9999473731169888,-7235.170331994288,0.5453829344011476,653.1098005771637
207,finished,0.01237322043367,0.0010981642617233,0.999996515931402,4995.164882098783,0.1259370092144164,577.6936302185059
208,finished,0.0215968262831192,0.0028376120522304,0.9999767374068476,-3389.7825499692417,0.3518108527964418,758.6137557029724
209,finished,0.0167024911752903,0.0034224420179271,0.9999661604730388,-6812.444233678317,0.5356139602615307,679.5960958003998
210,finished,0.0090630704233202,0.0011762926180239,0.999996002551952,4687.327309623911,0.1217904484896352,569.3151507377625
211,finished,0.0235465738313881,0.0029022965846182,0.999975664758155,-3549.4874948635743,0.3595660825187479,705.3253359794617
212,finished,0.0288796475031348,0.003439382040103,0.9999658246537496,-6880.6851588396,0.5163736240955826,650.0065929889679
213,finished,0.0123795852375763,0.0011092993153834,0.999996444918388,4901.870773654082,0.1278032937847616,501.73168087005615
214,finished,0.0186717519987702,0.0027364296854367,0.9999783668046844,-3343.799683559588,0.3329216127044245,672.3043999671936
215,finished,0.0231894649742866,0.0034929400692119,0.999964752010248,-6801.293285759788,0.5666363094882951,860.6527760028839
216,finished,0.0142332243471378,0.0012315610322359,0.9999956180848574,4593.440415666535,0.1269663417653398,669.5283188819885
217,finished,0.0281770759218687,0.0030428273355194,0.9999732510521916,-3599.980119430674,0.3662900237689545,765.1329529285431
218,finished,0.0294895966015861,0.0038117234557526,0.9999580245989396,-6970.367500861877,0.553614801192087,768.5927143096924
219,finished,0.0112795800183189,0.0011585180707576,0.9999961224472926,4622.637838355342,0.1175140901764007,616.0351071357727
220,finished,0.0188938490480986,0.0024308560084951,0.9999829285443732,-3078.358555335906,0.3478989770809245,844.6686663627625
221,finished,0.0259429946140504,0.0032802204987226,0.9999689144782106,-6645.615103732023,0.5282020744656225,769.7636957168579
222,finished,0.0124933640357721,0.0011779471229026,0.9999959912988872,4651.543739283276,0.1279456191956723,638.3923861980438
223,finished,0.0162432269307496,0.0021769055965873,0.9999863091227428,-2760.536354077001,0.3472937398172839,834.6783204078674
224,finished,0.0221247933599154,0.0035139575981659,0.9999643265494852,-6870.129849843741,0.5342387820265413,825.6735572814941
225,finished,0.013848351612242,0.0011356204611631,0.9999962742088836,4824.162727514453,0.1192962195059729,677.2207777500153
226,finished,0.0228324619419184,0.0026179371311526,0.9999801997574226,-3161.6327988104063,0.3351082910344622,941.6369142532347
227,finished,0.0246548806677579,0.003475038801988,0.9999651123753158,-6822.80394285215,0.5374624444479609,1007.2024862766266
228,finished,0.0101077237085741,0.0009351419017414,0.9999974735708732,5463.115683258407,0.1160901066424945,757.6828677654266
229,finished,0.0341070096018345,0.0027920669026304,0.9999774781674002,-3328.8093988085284,0.3378709681152819,888.0173120498657
230,finished,0.0297063334670645,0.0032792438001143,0.9999689329871284,-6658.934958335264,0.5325498240647532,972.2240860462188
231,finished,0.0162337676780125,0.0012130976820007,0.9999957484858302,4695.241739339646,0.1307464022328484,747.8192155361176
232,finished,0.0226718366927185,0.0024733527021152,0.9999823264339142,-3087.990836002833,0.3313567800270077,963.0823307037354
233,finished,0.0312822147018434,0.0034680345894447,0.9999652528710564,-6795.137626127887,0.564574726262969,1119.569534778595
234,finished,0.0139740523867459,0.0009412678708413,0.9999974403619668,5377.825241952369,0.1155521306391162,926.2963292598724
235,finished,0.0211224726504263,0.0020688694578708,0.9999876343126513,-2674.634926490345,0.3287869949857775,998.7209076881408
236,finished,0.0229987007291574,0.0030343325416557,0.9999734001961246,-6518.253978319006,0.535421722037563,976.0546700954436
237,finished,0.0108418546330957,0.0009953243512353,0.9999971379227992,5275.123671001991,0.1153520496221695,923.6042022705078
238,finished,0.019074773957925,0.0025411948877972,0.9999813435919898,-3092.0747501939886,0.3375423848498043,1069.9539086818695
239,finished,0.0281803723258699,0.0030837817598545,0.9999725261605664,-6538.243515538525,0.5366239054881671,1152.582060098648
240,finished,0.0182098314200839,0.0029514149249679,0.9999748340909124,-1133.98743988317,0.0982049208042114,403.84716963768005
241,finished,0.0288910739513281,0.003705303077218,0.9999603357214504,-4056.086219253983,0.2898821761072842,553.4307594299316
242,finished,0.0567125631558517,0.0055857159991611,0.9999098616121505,-7962.315293581078,0.5477261098234771,723.755955696106
243,finished,0.0150454578646189,0.0021392821981092,0.999986778271359,1814.7212912773,0.1155123782237058,447.2233688831329
244,finished,0.0305896628271124,0.0036597704993133,0.9999613045600074,-4423.49663857863,0.2679500573958256,578.6311800479889
245,finished,0.0418927277820217,0.0042217649674765,0.9999485079492464,-7215.2812962678,0.5161567655543166,605.7278883457184
246,finished,0.0128653880220015,0.0018478329090199,0.9999901354454228,2752.11259398632,0.1243536478198954,463.4052684307098
247,finished,0.026541172971216,0.0034179524992006,0.9999662491953858,-3916.786805864179,0.2975339307803282,649.3215136528015
248,finished,0.0321148487965383,0.0043260338057022,0.9999459330460316,-7322.610935470389,0.5569919290239742,735.9023113250732
249,finished,0.0146906458399548,0.0014527237209801,0.9999939029726784,4029.879761547553,0.1244699815785095,550.88449883461
250,finished,0.0402839702335251,0.0032628728767073,0.9999692424036838,-3829.3681463926337,0.3227720331761882,437.8682999610901
251,finished,0.0381981913308358,0.0041388428852622,0.999950510853264,-7121.372665008323,0.5183296695644248,584.4264733791351
252,finished,0.0134705537073925,0.0012384266604125,0.9999955690926337,4522.582036317121,0.1120915905167664,526.4175848960876
253,finished,0.0209773274833151,0.0027011862355491,0.9999789204594308,-3287.041455168065,0.3078013583428773,696.6698257923126
254,finished,0.0273431469497915,0.0038894125043959,0.9999562961097048,-7083.260119360867,0.5315414355693243,739.6759672164917
255,finished,0.0229324231740472,0.0015045373419231,0.9999934602969672,3872.509879036561,0.126800796227097,566.4944350719452
256,finished,0.021232081210596,0.0025710365589193,0.999980902848676,-3108.7718447429243,0.3492425936279024,683.3376002311707
257,finished,0.049336014392353,0.0037656310695958,0.9999590336168708,-6790.738453139243,0.5310018921991251,734.283433675766
258,finished,0.0126525794894023,0.0012269547027545,0.9999956508023548,4585.305668266918,0.1118841436263541,698.9315762519836
259,finished,0.0391177864232673,0.0028579081752389,0.9999764034436812,-3413.5980250429434,0.3384065146857717,593.2308304309845
260,finished,0.0337390065320338,0.0037461877633587,0.9999594555730068,-6929.422271184823,0.5154300286132131,861.4964156150818
261,finished,0.0143505441413112,0.0011186622080731,0.9999963846527418,4858.954066564553,0.1105864970602935,590.1912240982056
262,finished,0.0221339916419564,0.0023972484488541,0.999983397320753,-2902.909461113688,0.3198458884460489,650.9149825572968
263,finished,0.02980965845767,0.0033117656966752,0.9999683137173492,-6811.989464640021,0.4923342163390156,594.4689557552338
264,finished,0.0158894446291005,0.0012735926891524,0.9999953138822194,4465.517232565973,0.1234889580937569,637.1950960159302
265,finished,0.0258714898279229,0.0025561522138688,0.9999811233245752,-3144.837436437448,0.3306332701892126,718.4717073440552
266,finished,0.0442533714084818,0.0041305257370389,0.9999507095537268,-7185.187842517271,0.5849835190412546,682.3583247661591
267,finished,0.0134699086313153,0.0011934982067649,0.9999958847556556,4564.511984394799,0.1072671335443619,702.3660821914673
268,finished,0.0252076098387094,0.0028870290371797,0.99997592011608,-3478.403069981673,0.3566582997359437,725.6967995166779
269,finished,0.0334255132654136,0.0035201759609342,0.9999642001810088,-6811.688819453039,0.517217898422504,736.0880951881409
270,finished,0.0140430414605714,0.0010316504343911,0.999996925197568,5190.689937612747,0.1157134097495022,550.2722434997559
271,finished,0.0295726434921142,0.0025641791761091,0.9999810045833912,-3149.298405503165,0.336097451784047,695.7002716064453
272,finished,0.0210606036270032,0.0034944955300745,0.9999647206102956,-6873.555857211054,0.6011288453022978,676.5649785995483
273,finished,0.0115798676140991,0.0010525495409646,0.9999967993574284,5155.976666332186,0.121803872041702,725.8673419952393
274,finished,0.0220357783839315,0.0024103582963468,0.9999832152338703,-2980.6370670562605,0.3430431817559851,682.3974125385284
275,finished,0.0522606561808807,0.0040351236193551,0.9999529601667468,-7211.817113825682,0.5258818605760485,951.4854466915132
276,finished,0.014174341250796,0.0011843195343724,0.999995947809347,4724.966257686152,0.1287873876949093,526.9381740093231
277,finished,0.0270433930382792,0.0025475761530724,0.999981249777095,-3118.839239226528,0.3349920082347719,878.4158451557159
278,finished,0.0282834550089814,0.00303788805746,0.9999733378223196,-6601.212557957285,0.5309595735214878,939.767369747162
279,finished,0.0107093525193515,0.0009711848621539,0.9999972750665884,5450.064450008589,0.1167549435764916,826.5310604572296
280,finished,0.0159914480835351,0.0022408184833191,0.9999854934065076,-2866.985025259769,0.3323575328976951,906.0807447433472
281,finished,0.0423653071525971,0.0039056192915405,0.999955931131522,-6956.148230574203,0.5808001485298017,929.7946002483368
282,finished,0.0074209659887311,0.0009127623690535,0.999997593047394,5450.241018274701,0.1222437119410755,797.5910890102386
283,finished,0.0333309791284735,0.0024095396809083,0.999983226632952,-2921.609361948188,0.3388715337762376,919.3583121299744
284,finished,0.0249549671301242,0.0037227712940276,0.9999599608547168,-7057.111597241483,0.5656493738712163,934.5172505378724
285,finished,0.0176402675701586,0.0010463578944109,0.9999968369023782,5101.0838362931445,0.118468904968234,732.6098971366882
286,finished,0.021492181235143,0.0020844685959171,0.9999874471367348,-2779.775630476245,0.3118006793384008,916.1990339756012
287,finished,0.0280153073546204,0.0029827295527751,0.9999742972353528,-6609.489082577793,0.5543566562607364,1112.5862412452698
288,finished,0.0100242653280031,0.0009873931743718,0.9999971833536182,5389.077239303182,0.1159506303131869,877.4320130348206
289,finished,0.0224331336969803,0.0021721157879894,0.9999863693040736,-2750.8931434907627,0.3207520375967026,978.4505877494812
290,finished,0.0326327430235703,0.003491161225227,0.9999647879024808,-6825.835709923749,0.5314803521496848,927.6043722629548
291,finished,0.0140915637313138,0.0010725901385412,0.9999966763163204,5062.521395583343,0.1236568626403029,782.641211271286
292,finished,0.0270539326519214,0.0022961363863217,0.9999847683326402,-2969.0291425639766,0.3396772717285077,1012.9308216571808
293,finished,0.0486526321574788,0.0042923223787507,0.9999467724164508,-7180.495249557161,0.5845365283015485,1117.544996023178
294,finished,0.0121522704905904,0.001044878986417,0.9999968458374175,5169.244762195799,0.1189702183011832,920.7216882705688
295,finished,0.0243649833062873,0.0024338003958784,0.9999828871635428,-2936.8353651207835,0.340532173317996,1243.938621044159
296,finished,0.0247139827504301,0.0028316095474469,0.9999768357191876,-6462.978974047061,0.5284426519009294,1136.6656801700592
297,finished,0.0103471447128813,0.0009606636308202,0.9999973337873552,5311.783037242929,0.1110840650659391,934.3450694084167
298,finished,0.0185257424635329,0.0022651405830895,0.9999851767850142,-2895.7731002920564,0.3266962480926135,1116.3018782138824
299,finished,0.0361418359157266,0.003453514388247,0.9999655432251916,-6872.533792335876,0.5765668930823488,1058.7549257278442
300,finished,0.016551705895683,0.0025492640513996,0.999981224922918,846.8665035222248,0.1054787452870955,510.3636267185211
301,finished,0.031577849414304,0.0038689012133319,0.9999567558498402,-4547.816462968268,0.2617923527510859,752.3522849082947
302,finished,0.0373051857832561,0.004944436920618,0.9999293705594112,-7629.788963691165,0.5445082533620363,858.906919002533
303,finished,0.0191338382280718,0.0022552071617286,0.9999853065097484,277.70390350417466,0.0948109065710486,609.6503655910492
304,finished,0.0247535428500421,0.0037691717110544,0.9999589565432212,-4569.832614299603,0.2818214317464953,555.7734072208405
305,finished,0.0226083003078087,0.0042248765559965,0.999948432018388,-7203.024563850748,0.5211550721992376,793.2732961177826
306,finished,0.0156462036594383,0.0018112368987138,0.9999905223078224,2962.8712128548013,0.1487636081899524,546.2648389339447
307,finished,0.0190605197037188,0.0038768877319931,0.9999565771289765,-4421.994951766832,0.3618102072685297,633.5060486793518
308,finished,0.0267200141823404,0.0057673567470362,0.999903903910002,-8255.74477172645,0.511144373001568,721.3000152111053
309,finished,0.0185304150621207,0.0014230780687649,0.9999941492770068,4007.901005060861,0.1203713445908719,477.20596957206726
310,finished,0.0291649902059662,0.0031369428065993,0.9999715707576088,-3743.0425298905534,0.3161349781837795,629.5007317066193
311,finished,0.0324000697587433,0.0042225785309705,0.999948488101581,-7124.545192313124,0.5031628777935548,751.7507164478302
312,finished,0.0136924898672996,0.0013564397533837,0.999994684390076,4256.194085713283,0.1286109640724227,623.3011503219604
313,finished,0.0317159644568131,0.0030363697862038,0.9999733644660282,-3635.574044676504,0.3043667929011633,686.5698971748352
314,finished,0.0339429386881091,0.0047305700137861,0.9999353484361844,-7421.948924933267,0.5679229642874672,761.1110048294067
315,finished,0.0119851730246088,0.0012307284695987,0.9999956240073988,4537.585718321172,0.1135528313683901,559.2321457862854
316,finished,0.024482016924886,0.002545973468835,0.9999812733612649,-3154.574875899038,0.3194362683442263,868.5750169754028
317,finished,0.0384975624365003,0.0039207875735949,0.9999555881656532,-7049.935719267425,0.4877564308586365,723.5814723968506
318,finished,0.0111161742339279,0.0011134099312608,0.9999964185221742,4981.202514289322,0.112802632014339,651.5398914813995
319,finished,0.0180750394408637,0.00266516467869,0.9999794789214376,-3298.4994422189247,0.344868144654653,711.6590209007263
320,finished,0.0449780013301535,0.0041344965787147,0.9999506147383692,-7084.641003589857,0.5251553250924794,823.98322057724
321,finished,0.0106071476546063,0.0012043964774705,0.999995809256902,4764.15446544474,0.1217395730077495,667.957019329071
322,finished,0.0167806834721528,0.0027223657339704,0.9999785886019882,-3323.496364186729,0.3469886573674703,803.1373112201691
323,,,,,,,
324,,,,,,,
325,,,,,,,
326,,,,,,,
327,,,,,,,
328,,,,,,,
329,,,,,,,
330,,,,,,,
331,,,,,,,
332,,,,,,,
333,,,,,,,
334,,,,,,,
335,,,,,,,
336,,,,,,,
337,,,,,,,
338,,,,,,,
339,,,,,,,
340,,,,,,,
341,,,,,,,
342,,,,,,,
343,,,,,,,
344,,,,,,,
345,,,,,,,
346,,,,,,,
347,,,,,,,
348,,,,,,,
349,,,,,,,
350,,,,,,,
351,,,,,,,
352,,,,,,,
353,,,,,,,
354,,,,,,,
355,,,,,,,
356,,,,,,,
357,,,,,,,
358,,,,,,,
359,,,,,,,
360,,,,,,,
361,,,,,,,
362,,,,,,,
363,,,,,,,
364,,,,,,,
365,,,,,,,
366,,,,,,,
367,,,,,,,
368,,,,,,,
369,,,,,,,
370,,,,,,,
371,,,,,,,
372,,,,,,,
373,,,,,,,
374,,,,,,,
375,,,,,,,
376,,,,,,,
377,,,,,,,
378,,,,,,,
379,,,,,,,
380,,,,,,,
381,,,,,,,
382,,,,,,,
383,,,,,,,
384,,,,,,,
385,,,,,,,
386,,,,,,,
387,,,,,,,
388,,,,,,,
389,,,,,,,
390,,,,,,,
391,,,,,,,
392,,,,,,,
393,,,,,,,
394,,,,,,,
395,,,,,,,
396,,,,,,,
397,,,,,,,
398,,,,,,,
399,,,,,,,
400,,,,,,,
401,,,,,,,
402,,,,,,,
403,,,,,,,
404,,,,,,,
405,,,,,,,
406,,,,,,,
407,,,,,,,
408,,,,,,,
409,,,,,,,
410,,,,,,,
411,,,,,,,
412,,,,,,,
413,,,,,,,
414,,,,,,,
415,,,,,,,
416,,,,,,,
417,,,,,,,
418,,,,,,,
419,,,,,,,
420,,,,,,,
421,,,,,,,
422,,,,,,,
423,,,,,,,
424,,,,,,,
425,,,,,,,
426,,,,,,,
427,,,,,,,
428,,,,,,,
429,,,,,,,
430,,,,,,,
431,,,,,,,
432,,,,,,,
433,,,,,,,
434,,,,,,,
435,,,,,,,
436,,,,,,,
437,,,,,,,
438,,,,,,,
439,,,,,,,
440,,,,,,,
441,,,,,,,
442,,,,,,,
443,,,,,,,
444,,,,,,,
445,,,,,,,
446,,,,,,,
447,,,,,,,
448,,,,,,,
449,,,,,,,
450,,,,,,,
451,,,,,,,
452,,,,,,,
453,,,,,,,
454,,,,,,,
455,,,,,,,
456,,,,,,,
457,,,,,,,
458,,,,,,,
459,,,,,,,
460,,,,,,,
461,,,,,,,
462,,,,,,,
463,,,,,,,
464,,,,,,,
465,,,,,,,
466,,,,,,,
467,,,,,,,
468,,,,,,,
469,,,,,,,
470,,,,,,,
471,,,,,,,
472,,,,,,,
473,,,,,,,
474,,,,,,,
475,,,,,,,
476,,,,,,,
477,,,,,,,
478,,,,,,,
479,,,,,,,
480,,,,,,,
481,,,,,,,
482,,,,,,,
483,,,,,,,
484,,,,,,,
485,,,,,,,
486,,,,,,,
487,,,,,,,
488,,,,,,,
489,,,,,,,
490,,,,,,,
491,,,,,,,
492,,,,,,,
493,,,,,,,
494,,,,,,,
495,,,,,,,
496,,,,,,,
497,,,,,,,
498,,,,,,,
499,,,,,,,
500,,,,,,,
501,,,,,,,
502,,,,,,,
503,,,,,,,
504,,,,,,,
505,,,,,,,
506,,,,,,,
507,,,,,,,
508,,,,,,,
509,,,,,,,
510,,,,,,,
511,,,,,,,
512,,,,,,,
513,,,,,,,
514,,,,,,,
515,,,,,,,
516,,,,,,,
517,,,,,,,
518,,,,,,,
519,,,,,,,
520,,,,,,,
521,,,,,,,
522,,,,,,,
523,,,,,,,
524,,,,,,,
525,,,,,,,
526,,,,,,,
527,,,,,,,
528,,,,,,,
529,,,,,,,
530,,,,,,,
531,,,,,,,
532,,,,,,,
533,,,,,,,
534,,,,,,,
535,,,,,,,
536,,,,,,,
537,,,,,,,
538,,,,,,,
539,,,,,,,
540,,,,,,,
541,,,,,,,
542,,,,,,,
543,,,,,,,
544,,,,,,,
545,,,,,,,
546,,,,,,,
547,,,,,,,
548,,,,,,,
549,,,,,,,
550,,,,,,,
551,,,,,,,
552,,,,,,,
553,,,,,,,
554,,,,,,,
555,,,,,,,
556,,,,,,,
557,,,,,,,
558,,,,,,,
559,,,,,,,
560,,,,,,,
561,,,,,,,
562,,,,,,,
563,,,,,,,
564,,,,,,,
565,,,,,,,
566,,,,,,,
567,,,,,,,
568,,,,,,,
569,,,,,,,
570,,,,,,,
571,,,,,,,
572,,,,,,,
573,,,,,,,
574,,,,,,,
575,,,,,,,
576,,,,,,,
577,,,,,,,
578,,,,,,,
579,,,,,,,
580,,,,,,,
581,,,,,,,
582,,,,,,,
583,,,,,,,
584,,,,,,,
585,,,,,,,
586,,,,,,,
587,,,,,,,
588,,,,,,,
589,,,,,,,
590,,,,,,,
591,,,,,,,
592,,,,,,,
593,,,,,,,
594,,,,,,,
595,,,,,,,
596,,,,,,,
597,,,,,,,
598,,,,,,,
599,,,,,,,
600,,,,,,,
601,,,,,,,
602,,,,,,,
603,,,,,,,
604,,,,,,,
605,,,,,,,
606,,,,,,,
607,,,,,,,
608,,,,,,,
609,,,,,,,
610,,,,,,,
611,,,,,,,
612,,,,,,,
613,,,,,,,
614,,,,,,,
615,,,,,,,
616,,,,,,,
617,,,,,,,
618,,,,,,,
619,,,,,,,
620,,,,,,,
621,,,,,,,
622,,,,,,,
623,,,,,,,
624,,,,,,,
625,,,,,,,
626,,,,,,,
627,,,,,,,
628,,,,,,,
629,,,,,,,
630,,,,,,,
631,,,,,,,
632,,,,,,,
633,,,,,,,
634,,,,,,,
635,,,,,,,
636,,,,,,,
637,,,,,,,
638,,,,,,,
639,,,,,,,
640,,,,,,,
641,,,,,,,
642,,,,,,,
643,,,,,,,
644,,,,,,,
645,,,,,,,
646,,,,,,,
647,,,,,,,
648,,,,,,,
649,,,,,,,
650,,,,,,,
651,,,,,,,
652,,,,,,,
653,,,,,,,
654,,,,,,,
655,,,,,,,
656,,,,,,,
657,,,,,,,
658,,,,,,,
659,,,,,,,
660,,,,,,,
661,,,,,,,
662,,,,,,,
663,,,,,,,
664,,,,,,,
665,,,,,,,
666,,,,,,,
667,,,,,,,
668,,,,,,,
669,,,,,,,
670,,,,,,,
671,,,,,,,
672,,,,,,,
673,,,,,,,
674,,,,,,,
675,,,,,,,
676,,,,,,,
677,,,,,,,
678,,,,,,,
679,,,,,,,
680,,,,,,,
681,,,,,,,
682,,,,,,,
683,,,,,,,
684,,,,,,,
685,,,,,,,
686,,,,,,,
687,,,,,,,
688,,,,,,,
689,,,,,,,
690,,,,,,,
691,,,,,,,
692,,,,,,,
693,,,,,,,
694,,,,,,,
695,,,,,,,
696,,,,,,,
697,,,,,,,
698,,,,,,,
699,,,,,,,
700,,,,,,,
701,,,,,,,
702,,,,,,,
703,,,,,,,
704,,,,,,,
705,,,,,,,
706,,,,,,,
707,,,,,,,
708,,,,,,,
709,,,,,,,
710,,,,,,,
711,,,,,,,
712,,,,,,,
713,,,,,,,
714,,,,,,,
715,,,,,,,
716,,,,,,,
717,,,,,,,
718,,,,,,,
719,,,,,,,
720,,,,,,,
721,,,,,,,
722,,,,,,,
723,,,,,,,
724,,,,,,,
725,,,,,,,
726,,,,,,,
727,,,,,,,
728,,,,,,,
729,,,,,,,
730,,,,,,,
731,,,,,,,
732,,,,,,,
733,,,,,,,
734,,,,,,,
735,,,,,,,
736,,,,,,,
737,,,,,,,
738,,,,,,,
739,,,,,,,
740,,,,,,,
741,,,,,,,
742,,,,,,,
743,,,,,,,
744,,,,,,,
745,,,,,,,
746,,,,,,,
747,,,,,,,
748,,,,,,,
749,,,,,,,
750,,,,,,,
751,,,,,,,
752,,,,,,,
753,,,,,,,
754,,,,,,,
755,,,,,,,
756,,,,,,,
757,,,,,,,
758,,,,,,,
759,,,,,,,
760,,,,,,,
761,,,,,,,
762,,,,,,,
763,,,,,,,
764,,,,,,,
765,,,,,,,
766,,,,,,,
767,,,,,,,
768,,,,,,,
769,,,,,,,
770,,,,,,,
771,,,,,,,
772,,,,,,,
773,,,,,,,
774,,,,,,,
775,,,,,,,
776,,,,,,,
777,,,,,,,
778,,,,,,,
779,,,,,,,
780,,,,,,,
781,,,,,,,
782,,,,,,,
783,,,,,,,
784,,,,,,,
785,,,,,,,
786,,,,,,,
787,,,,,,,
788,,,,,,,
789,,,,,,,
790,,,,,,,
791,,,,,,,
792,,,,,,,
793,,,,,,,
794,,,,,,,
795,,,,,,,
796,,,,,,,
797,,,,,,,
798,,,,,,,
799,,,,,,,
800,,,,,,,
801,,,,,,,
802,,,,,,,
803,,,,,,,
804,,,,,,,
805,,,,,,,
806,,,,,,,
807,,,,,,,
808,,,,,,,
809,,,,,,,
810,,,,,,,
811,,,,,,,
812,,,,,,,
813,,,,,,,
814,,,,,,,
815,,,,,,,
816,,,,,,,
817,,,,,,,
818,,,,,,,
819,,,,,,,
820,,,,,,,
821,,,,,,,
822,,,,,,,
823,,,,,,,
824,,,,,,,
825,,,,,,,
826,,,,,,,
827,,,,,,,
828,,,,,,,
829,,,,,,,
830,,,,,,,
831,,,,,,,
832,,,,,,,
833,,,,,,,
834,,,,,,,
835,,,,,,,
836,,,,,,,
837,,,,,,,
838,,,,,,,
839,,,,,,,
840,,,,,,,
841,,,,,,,
842,,,,,,,
843,,,,,,,
844,,,,,,,
845,,,,,,,
846,,,,,,,
847,,,,,,,
848,,,,,,,
849,,,,,,,
850,,,,,,,
851,,,,,,,
852,,,,,,,
853,,,,,,,
854,,,,,,,
855,,,,,,,
856,,,,,,,
857,,,,,,,
858,,,,,,,
859,,,,,,,
860,,,,,,,
861,,,,,,,
862,,,,,,,
863,,,,,,,
864,,,,,,,
865,,,,,,,
866,,,,,,,
867,,,,,,,
868,,,,,,,
869,,,,,,,
870,,,,,,,
871,,,,,,,
872,,,,,,,
873,,,,,,,
874,,,,,,,
875,,,,,,,
876,,,,,,,
877,,,,,,,
878,,,,,,,
879,,,,,,,
880,,,,,,,
881,,,,,,,
882,,,,,,,
883,,,,,,,
884,,,,,,,
885,,,,,,,
886,,,,,,,
887,,,,,,,
888,,,,,,,
889,,,,,,,
890,,,,,,,
891,,,,,,,
892,,,,,,,
893,,,,,,,
894,,,,,,,
895,,,,,,,
896,,,,,,,
897,,,,,,,
898,,,,,,,
899,,,,,,,
900,,,,,,,
901,,,,,,,
902,,,,,,,
903,,,,,,,
904,,,,,,,
905,,,,,,,
906,,,,,,,
907,,,,,,,
908,,,,,,,
909,,,,,,,
910,,,,,,,
911,,,,,,,
912,,,,,,,
913,,,,,,,
914,,,,,,,
915,,,,,,,
916,,,,,,,
917,,,,,,,
918,,,,,,,
919,,,,,,,
920,,,,,,,
921,,,,,,,
922,,,,,,,
923,,,,,,,
924,,,,,,,
925,,,,,,,
926,,,,,,,
927,,,,,,,
928,,,,,,,
929,,,,,,,
930,,,,,,,
931,,,,,,,
932,,,,,,,
933,,,,,,,
934,,,,,,,
935,,,,,,,
936,,,,,,,
937,,,,,,,
938,,,,,,,
939,,,,,,,
940,,,,,,,
941,,,,,,,
942,,,,,,,
943,,,,,,,
944,,,,,,,
945,,,,,,,
946,,,,,,,
947,,,,,,,
948,,,,,,,
949,,,,,,,
950,,,,,,,
951,,,,,,,
952,,,,,,,
953,,,,,,,
954,,,,,,,
955,,,,,,,
956,,,,,,,
957,,,,,,,
958,,,,,,,
959,,,,,,,
960,,,,,,,
961,,,,,,,
962,,,,,,,
963,,,,,,,
964,,,,,,,
965,,,,,,,
966,,,,,,,
967,,,,,,,
968,,,,,,,
969,,,,,,,
970,,,,,,,
971,,,,,,,
972,,,,,,,
973,,,,,,,
974,,,,,,,
975,,,,,,,
976,,,,,,,
977,,,,,,,
978,,,,,,,
979,,,,,,,
980,,,,,,,
981,,,,,,,
982,,,,,,,
983,,,,,,,
984,,,,,,,
985,,,,,,,
986,,,,,,,
987,,,,,,,
988,,,,,,,
989,,,,,,,
990,,,,,,,
991,,,,,,,
992,,,,,,,
993,,,,,,,
994,,,,,,,
995,,,,,,,
996,,,,,,,
997,,,,,,,
998,,,,,,,
999,,,,,,,
1000,,,,,,,
1001,,,,,,,
1002,,,,,,,
1003,,,,,,,
1004,,,,,,,
1005,,,,,,,
1006,,,,,,,
1007,,,,,,,
1008,,,,,,,
1009,,,,,,,
1010,,,,,,,
1011,,,,,,,
1012,,,,,,,
1013,,,,,,,
1014,,,,,,,
1015,,,,,,,
1016,,,,,,,
1017,,,,,,,
1018,,,,,,,
1019,,,,,,,
1020,,,,,,,
1021,,,,,,,
1022,,,,,,,
1023,,,,,,,
1024,,,,,,,
1025,,,,,,,
1026,,,,,,,
1027,,,,,,,
1028,,,,,,,
1029,,,,,,,
1030,,,,,,,
1031,,,,,,,
1032,,,,,,,
1033,,,,,,,
1034,,,,,,,
1035,,,,,,,
1036,,,,,,,
1037,,,,,,,
1038,,,,,,,
1039,,,,,,,
1040,,,,,,,
1041,,,,,,,
1042,,,,,,,
1043,,,,,,,
1044,,,,,,,
1045,,,,,,,
1046,,,,,,,
1047,,,,,,,
1048,,,,,,,
1049,,,,,,,
1050,,,,,,,
1051,,,,,,,
1052,,,,,,,
1053,,,,,,,
1054,,,,,,,
1055,,,,,,,
1056,,,,,,,
1057,,,,,,,
1058,,,,,,,
1059,,,,,,,
1060,,,,,,,
1061,,,,,,,
1062,,,,,,,
1063,,,,,,,
1064,,,,,,,
1065,,,,,,,
1066,,,,,,,
1067,,,,,,,
1068,,,,,,,
1069,,,,,,,
1070,,,,,,,
1071,,,,,,,
1072,,,,,,,
1073,,,,,,,
1074,,,,,,,
1075,,,,,,,
1076,,,,,,,
1077,,,,,,,
1078,,,,,,,
1079,,,,,,,
1080,,,,,,,
1081,,,,,,,
1082,,,,,,,
1083,,,,,,,
1084,,,,,,,
1085,,,,,,,
1086,,,,,,,
1087,,,,,,,
1088,,,,,,,
1089,,,,,,,
1090,,,,,,,
1091,,,,,,,
1092,,,,,,,
1093,,,,,,,
1094,,,,,,,
1095,,,,,,,
1096,,,,,,,
1097,,,,,,,
1098,,,,,,,
1099,,,,,,,
1100,,,,,,,
1101,,,,,,,
1102,,,,,,,
1103,,,,,,,
1104,,,,,,,
1105,,,,,,,
1106,,,,,,,
1107,,,,,,,
1108,,,,,,,
1109,,,,,,,
1110,,,,,,,
1111,,,,,,,
1112,,,,,,,
1113,,,,,,,
1114,,,,,,,
1115,,,,,,,
1116,,,,,,,
1117,,,,,,,
1118,,,,,,,
1119,,,,,,,
1120,,,,,,,
1121,,,,,,,
1122,,,,,,,
1123,,,,,,,
1124,,,,,,,
1125,,,,,,,
1126,,,,,,,
1127,,,,,,,
1128,,,,,,,
1129,,,,,,,
1130,,,,,,,
1131,,,,,,,
1132,,,,,,,
1133,,,,,,,
1134,,,,,,,
1135,,,,,,,
1136,,,,,,,
1137,,,,,,,
1138,,,,,,,
1139,,,,,,,
1140,,,,,,,
1141,,,,,,,
1142,,,,,,,
1143,,,,,,,
1144,,,,,,,
1145,,,,,,,
1146,,,,,,,
1147,,,,,,,
1148,,,,,,,
1149,,,,,,,
1150,,,,,,,
1151,,,,,,,
1152,,,,,,,
1153,,,,,,,
1154,,,,,,,
1155,,,,,,,
1156,,,,,,,
1157,,,,,,,
1158,,,,,,,
1159,,,,,,,
1160,,,,,,,
1161,,,,,,,
1162,,,,,,,
1163,,,,,,,
1164,,,,,,,
1165,,,,,,,
1166,,,,,,,
1167,,,,,,,
1168,,,,,,,
1169,,,,,,,
1170,,,,,,,
1171,,,,,,,
1172,,,,,,,
1173,,,,,,,
1174,,,,,,,
1175,,,,,,,
1176,,,,,,,
1177,,,,,,,
1178,,,,,,,
1179,,,,,,,
1180,,,,,,,
1181,,,,,,,
1182,,,,,,,
1183,,,,,,,
1184,,,,,,,
1185,,,,,,,
1186,,,,,,,
1187,,,,,,,
1188,,,,,,,
1189,,,,,,,
1190,,,,,,,
1191,,,,,,,
1192,,,,,,,
1193,,,,,,,
1194,,,,,,,
1195,,,,,,,
1196,,,,,,,
1197,,,,,,,
1198,,,,,,,
1199,,,,,,,
1200,,,,,,,
1201,,,,,,,
1202,,,,,,,
1203,,,,,,,
1204,,,,,,,
1205,,,,,,,
1206,,,,,,,
1207,,,,,,,
1208,,,,,,,
1209,,,,,,,
1210,,,,,,,
1211,,,,,,,
1212,,,,,,,
1213,,,,,,,
1214,,,,,,,
1215,,,,,,,
1216,,,,,,,
1217,,,,,,,
1218,,,,,,,
1219,,,,,,,
1220,,,,,,,
1221,,,,,,,
1222,,,,,,,
1223,,,,,,,
1224,,,,,,,
1225,,,,,,,
1226,,,,,,,
1227,,,,,,,
1228,,,,,,,
1229,,,,,,,
1230,,,,,,,
1231,,,,,,,
1232,,,,,,,
1233,,,,,,,
1234,,,,,,,
1235,,,,,,,
1236,,,,,,,
1237,,,,,,,
1238,,,,,,,
1239,,,,,,,
1240,,,,,,,
1241,,,,,,,
1242,,,,,,,
1243,,,,,,,
1244,,,,,,,
1245,,,,,,,
1246,,,,,,,
1247,,,,,,,
1248,,,,,,,
1249,,,,,,,
1250,,,,,,,
1251,,,,,,,
1252,,,,,,,
1253,,,,,,,
1254,,,,,,,
1255,,,,,,,
1256,,,,,,,
1257,,,,,,,
1258,,,,,,,
1259,,,,,,,
1260,,,,,,,
1261,,,,,,,
1262,,,,,,,
1263,,,,,,,
1264,,,,,,,
1265,,,,,,,
1266,,,,,,,
1267,,,,,,,
1268,,,,,,,
1269,,,,,,,
1270,,,,,,,
1271,,,,,,,
1272,,,,,,,
1273,,,,,,,
1274,,,,,,,
1275,,,,,,,
1276,,,,,,,
1277,,,,,,,
1278,,,,,,,
1279,,,,,,,
1280,,,,,,,
1281,,,,,,,
1282,,,,,,,
1283,,,,,,,
1284,,,,,,,
1285,,,,,,,
1286,,,,,,,
1287,,,,,,,
1288,,,,,,,
1289,,,,,,,
1290,,,,,,,
1291,,,,,,,
1292,,,,,,,
1293,,,,,,,
1294,,,,,,,
1295,,,,,,,
1296,,,,,,,
1297,,,,,,,
1298,,,,,,,
1299,,,,,,,
1300,,,,,,,
1301,,,,,,,
1302,,,,,,,
1303,,,,,,,
1304,,,,,,,
1305,,,,,,,
1306,,,,,,,
1307,,,,,,,
1308,,,,,,,
1309,,,,,,,
1310,,,,,,,
1311,,,,,,,
1312,,,,,,,
1313,,,,,,,
1314,,,,,,,
1315,,,,,,,
1316,,,,,,,
1317,,,,,,,
1318,,,,,,,
1319,,,,,,,
1320,,,,,,,
1321,,,,,,,
1322,,,,,,,
1323,,,,,,,
1324,,,,,,,
1325,,,,,,,
1326,,,,,,,
1327,,,,,,,
1328,,,,,,,
1329,,,,,,,
1330,,,,,,,
1331,,,,,,,
1332,,,,,,,
1333,,,,,,,
1334,,,,,,,
1335,,,,,,,
1336,,,,,,,
1337,,,,,,,
1338,,,,,,,
1339,,,,,,,
1340,,,,,,,
1341,,,,,,,
1342,,,,,,,
1343,,,,,,,
1344,,,,,,,
1345,,,,,,,
1346,,,,,,,
1347,,,,,,,
1348,,,,,,,
1349,,,,,,,
1350,,,,,,,
1351,,,,,,,
1352,,,,,,,
1353,,,,,,,
1354,,,,,,,
1355,,,,,,,
1356,,,,,,,
1357,,,,,,,
1358,,,,,,,
1359,,,,,,,
1360,,,,,,,
1361,,,,,,,
1362,,,,,,,
1363,,,,,,,
1364,,,,,,,
1365,,,,,,,
1366,,,,,,,
1367,,,,,,,
1368,,,,,,,
1369,,,,,,,
1370,,,,,,,
1371,,,,,,,
1372,,,,,,,
1373,,,,,,,
1374,,,,,,,
1375,,,,,,,
1376,,,,,,,
1377,,,,,,,
1378,,,,,,,
1379,,,,,,,
1380,,,,,,,
1381,,,,,,,
1382,,,,,,,
1383,,,,,,,
1384,,,,,,,
1385,,,,,,,
1386,,,,,,,
1387,,,,,,,
1388,,,,,,,
1389,,,,,,,
1390,,,,,,,
1391,,,,,,,
1392,,,,,,,
1393,,,,,,,
1394,,,,,,,
1395,,,,,,,
1396,,,,,,,
1397,,,,,,,
1398,,,,,,,
1399,,,,,,,
1400,,,,,,,
1401,,,,,,,
1402,,,,,,,
1403,,,,,,,
1404,,,,,,,
1405,,,,,,,
1406,,,,,,,
1407,,,,,,,
1408,,,,,,,
1409,,,,,,,
1410,,,,,,,
1411,,,,,,,
1412,,,,,,,
1413,,,,,,,
1414,,,,,,,
1415,,,,,,,
1416,,,,,,,
1417,,,,,,,
1418,,,,,,,
1419,,,,,,,
1420,,,,,,,
1421,,,,,,,
1422,,,,,,,
1423,,,,,,,
1424,,,,,,,
1425,,,,,,,
1426,,,,,,,
1427,,,,,,,
1428,,,,,,,
1429,,,,,,,
1430,,,,,,,
1431,,,,,,,
1432,,,,,,,
1433,,,,,,,
1434,,,,,,,
1435,,,,,,,
1436,,,,,,,
1437,,,,,,,
1438,,,,,,,
1439,,,,,,,
1440,,,,,,,
1441,,,,,,,
1442,,,,,,,
1443,,,,,,,
1444,,,,,,,
1445,,,,,,,
1446,,,,,,,
1447,,,,,,,
1448,,,,,,,
1449,,,,,,,
1450,,,,,,,
1451,,,,,,,
1452,,,,,,,
1453,,,,,,,
1454,,,,,,,
1455,,,,,,,
1456,,,,,,,
1457,,,,,,,
1458,,,,,,,
1459,,,,,,,
1460,,,,,,,
1461,,,,,,,
1462,,,,,,,
1463,,,,,,,
1464,,,,,,,
1465,,,,,,,
1466,,,,,,,
1467,,,,,,,
1468,,,,,,,
1469,,,,,,,
1470,,,,,,,
1471,,,,,,,
1472,,,,,,,
1473,,,,,,,
1474,,,,,,,
1475,,,,,,,
1476,,,,,,,
1477,,,,,,,
1478,,,,,,,
1479,,,,,,,
1480,,,,,,,
1481,,,,,,,
1482,,,,,,,
1483,,,,,,,
1484,,,,,,,
1485,,,,,,,
1486,,,,,,,
1487,,,,,,,
1488,,,,,,,
1489,,,,,,,
1490,,,,,,,
1491,,,,,,,
1492,,,,,,,
1493,,,,,,,
1494,,,,,,,
1495,,,,,,,
1496,,,,,,,
1497,,,,,,,
1498,,,,,,,
1499,,,,,,,
1500,,,,,,,
1501,,,,,,,
1502,,,,,,,
1503,,,,,,,
1504,,,,,,,
1505,,,,,,,
1506,,,,,,,
1507,,,,,,,
1508,,,,,,,
1509,,,,,,,
1510,,,,,,,
1511,,,,,,,
1512,,,,,,,
1513,,,,,,,
1514,,,,,,,
1515,,,,,,,
1516,,,,,,,
1517,,,,,,,
1518,,,,,,,
1519,,,,,,,
1520,,,,,,,
1521,,,,,,,
1522,,,,,,,
1523,,,,,,,
1524,,,,,,,
1525,,,,,,,
1526,,,,,,,
1527,,,,,,,
1528,,,,,,,
1529,,,,,,,
1530,,,,,,,
1531,,,,,,,
1532,,,,,,,
1533,,,,,,,
1534,,,,,,,
1535,,,,,,,
1536,,,,,,,
1537,,,,,,,
1538,,,,,,,
1539,,,,,,,
1540,,,,,,,
1541,,,,,,,
1542,,,,,,,
1543,,,,,,,
1544,,,,,,,
1545,,,,,,,
1546,,,,,,,
1547,,,,,,,
1548,,,,,,,
1549,,,,,,,
1550,,,,,,,
1551,,,,,,,
1552,,,,,,,
1553,,,,,,,
1554,,,,,,,
1555,,,,,,,
1556,,,,,,,
1557,,,,,,,
1558,,,,,,,
1559,,,,,,,
1560,,,,,,,
1561,,,,,,,
1562,,,,,,,
1563,,,,,,,
1564,,,,,,,
1565,,,,,,,
1566,,,,,,,
1567,,,,,,,
1568,,,,,,,
1569,,,,,,,
1570,,,,,,,
1571,,,,,,,
1572,,,,,,,
1573,,,,,,,
1574,,,,,,,
1575,,,,,,,
1576,,,,,,,
1577,,,,,,,
1578,,,,,,,
1579,,,,,,,
1580,,,,,,,
1581,,,,,,,
1582,,,,,,,
1583,,,,,,,
1584,,,,,,,
1585,,,,,,,
1586,,,,,,,
1587,,,,,,,
1588,,,,,,,
1589,,,,,,,
1590,,,,,,,
1591,,,,,,,
1592,,,,,,,
1593,,,,,,,
1594,,,,,,,
1595,,,,,,,
1596,,,,,,,
1597,,,,,,,
1598,,,,,,,
1599,,,,,,,
1600,,,,,,,
1601,,,,,,,
1602,,,,,,,
1603,,,,,,,
1604,,,,,,,
1605,,,,,,,
1606,,,,,,,
1607,,,,,,,
1608,,,,,,,
1609,,,,,,,
1610,,,,,,,
1611,,,,,,,
1612,,,,,,,
1613,,,,,,,
1614,,,,,,,
1615,,,,,,,
1616,,,,,,,
1617,,,,,,,
1618,,,,,,,
1619,,,,,,,
1620,,,,,,,
1621,,,,,,,
1622,,,,,,,
1623,,,,,,,
1624,,,,,,,
1625,,,,,,,
1626,,,,,,,
1627,,,,,,,
1628,,,,,,,
1629,,,,,,,
1630,,,,,,,
1631,,,,,,,
1632,,,,,,,
1633,,,,,,,
1634,,,,,,,
1635,,,,,,,
1636,,,,,,,
1637,,,,,,,
1638,,,,,,,
1639,,,,,,,
1640,,,,,,,
1641,,,,,,,
1642,,,,,,,
1643,,,,,,,
1644,,,,,,,
1645,,,,,,,
1646,,,,,,,
1647,,,,,,,
1648,,,,,,,
1649,,,,,,,
1650,,,,,,,
1651,,,,,,,
1652,,,,,,,
1653,,,,,,,
1654,,,,,,,
1655,,,,,,,
1656,,,,,,,
1657,,,,,,,
1658,,,,,,,
1659,,,,,,,
1660,,,,,,,
1661,,,,,,,
1662,,,,,,,
1663,,,,,,,
1664,,,,,,,
1665,,,,,,,
1666,,,,,,,
1667,,,,,,,
1668,,,,,,,
1669,,,,,,,
1670,,,,,,,
1671,,,,,,,
1672,,,,,,,
1673,,,,,,,
1674,,,,,,,
1675,,,,,,,
1676,,,,,,,
1677,,,,,,,
1678,,,,,,,
1679,,,,,,,
1680,,,,,,,
1681,,,,,,,
1682,,,,,,,
1683,,,,,,,
1684,,,,,,,
1685,,,,,,,
1686,,,,,,,
1687,,,,,,,
1688,,,,,,,
1689,,,,,,,
1690,,,,,,,
1691,,,,,,,
1692,,,,,,,
1693,,,,,,,
1694,,,,,,,
1695,,,,,,,
1696,,,,,,,
1697,,,,,,,
1698,,,,,,,
1699,,,,,,,
1700,,,,,,,
1701,,,,,,,
1702,,,,,,,
1703,,,,,,,
1704,,,,,,,
1705,,,,,,,
1706,,,,,,,
1707,,,,,,,
1708,,,,,,,
1709,,,,,,,
1710,,,,,,,
1711,,,,,,,
1712,,,,,,,
1713,,,,,,,
1714,,,,,,,
1715,,,,,,,
1716,,,,,,,
1717,,,,,,,
1718,,,,,,,
1719,,,,,,,
1720,,,,,,,
1721,,,,,,,
1722,,,,,,,
1723,,,,,,,
1724,,,,,,,
1725,,,,,,,
1726,,,,,,,
1727,,,,,,,
1728,,,,,,,
1729,,,,,,,
1730,,,,,,,
1731,,,,,,,
1732,,,,,,,
1733,,,,,,,
1734,,,,,,,
1735,,,,,,,
1736,,,,,,,
1737,,,,,,,
1738,,,,,,,
1739,,,,,,,
1740,,,,,,,
1741,,,,,,,
1742,,,,,,,
1743,,,,,,,
1744,,,,,,,
1745,,,,,,,
1746,,,,,,,
1747,,,,,,,
1748,,,,,,,
1749,,,,,,,
1750,,,,,,,
1751,,,,,,,
1752,,,,,,,
1753,,,,,,,
1754,,,,,,,
1755,,,,,,,
1756,,,,,,,
1757,,,,,,,
1758,,,,,,,
1759,,,,,,,
1760,,,,,,,
1761,,,,,,,
1762,,,,,,,
1763,,,,,,,
1764,,,,,,,
1765,,,,,,,
1766,,,,,,,
1767,,,,,,,
1768,,,,,,,
1769,,,,,,,
1770,,,,,,,
1771,,,,,,,
1772,,,,,,,
1773,,,,,,,
1774,,,,,,,
1775,,,,,,,
1776,,,,,,,
1777,,,,,,,
1778,,,,,,,
1779,,,,,,,
1780,,,,,,,
1781,,,,,,,
1782,,,,,,,
1783,,,,,,,
1784,,,,,,,
1785,,,,,,,
1786,,,,,,,
1787,,,,,,,
1788,,,,,,,
1789,,,,,,,
1790,,,,,,,
1791,,,,,,,
1792,,,,,,,
1793,,,,,,,
1794,,,,,,,
1795,,,,,,,
1796,,,,,,,
1797,,,,,,,
1798,,,,,,,
1799,,,,,,,
1800,,,,,,,
1801,,,,,,,
1802,,,,,,,
1803,,,,,,,
1804,,,,,,,
1805,,,,,,,
1806,,,,,,,
1807,,,,,,,
1808,,,,,,,
1809,,,,,,,
1810,,,,,,,
1811,,,,,,,
1812,,,,,,,
1813,,,,,,,
1814,,,,,,,
1815,,,,,,,
1816,,,,,,,
1817,,,,,,,
1818,,,,,,,
1819,,,,,,,
1820,,,,,,,
1821,,,,,,,
1822,,,,,,,
1823,,,,,,,
1824,,,,,,,
1825,,,,,,,
1826,,,,,,,
1827,,,,,,,
1828,,,,,,,
1829,,,,,,,
1830,,,,,,,
1831,,,,,,,
1832,,,,,,,
1833,,,,,,,
1834,,,,,,,
1835,,,,,,,
1836,,,,,,,
1837,,,,,,,
1838,,,,,,,
1839,,,,,,,
1840,,,,,,,
1841,,,,,,,
1842,,,,,,,
1843,,,,,,,
1844,,,,,,,
1845,,,,,,,
1846,,,,,,,
1847,,,,,,,
1848,,,,,,,
1849,,,,,,,
1850,,,,,,,
1851,,,,,,,
1852,,,,,,,
1853,,,,,,,
1854,,,,,,,
1855,,,,,,,
1856,,,,,,,
1857,,,,,,,
1858,,,,,,,
1859,,,,,,,
1860,,,,,,,
1861,,,,,,,
1862,,,,,,,
1863,,,,,,,
1864,,,,,,,
1865,,,,,,,
1866,,,,,,,
1867,,,,,,,
1868,,,,,,,
1869,,,,,,,
1870,,,,,,,
1871,,,,,,,
1872,,,,,,,
1873,,,,,,,
1874,,,,,,,
1875,,,,,,,
1876,,,,,,,
1877,,,,,,,
1878,,,,,,,
1879,,,,,,,
1880,,,,,,,
1881,,,,,,,
1882,,,,,,,
1883,,,,,,,
1884,,,,,,,
1885,,,,,,,
1886,,,,,,,
1887,,,,,,,
1888,,,,,,,
1889,,,,,,,
1890,,,,,,,
1891,,,,,,,
1892,,,,,,,
1893,,,,,,,
1894,,,,,,,
1895,,,,,,,
1896,,,,,,,
1897,,,,,,,
1898,,,,,,,
1899,,,,,,,
1900,,,,,,,
1901,,,,,,,
1902,,,,,,,
1903,,,,,,,
1904,,,,,,,
1905,,,,,,,
1906,,,,,,,
1907,,,,,,,
1908,,,,,,,
1909,,,,,,,
1910,,,,,,,
1911,,,,,,,
1912,,,,,,,
1913,,,,,,,
1914,,,,,,,
1915,,,,,,,
1916,,,,,,,
1917,,,,,,,
1918,,,,,,,
1919,,,,,,,
1920,,,,,,,
1921,,,,,,,
1922,,,,,,,
1923,,,,,,,
1924,,,,,,,
1925,,,,,,,
1926,,,,,,,
1927,,,,,,,
1928,,,,,,,
1929,,,,,,,
1930,,,,,,,
1931,,,,,,,
1932,,,,,,,
1933,,,,,,,
1934,,,,,,,
1935,,,,,,,
1936,,,,,,,
1937,,,,,,,
1938,,,,,,,
1939,,,,,,,
1940,,,,,,,
1941,,,,,,,
1942,,,,,,,
1943,,,,,,,
1944,,,,,,,
1945,,,,,,,
1946,,,,,,,
1947,,,,,,,
1948,,,,,,,
1949,,,,,,,
1950,,,,,,,
1951,,,,,,,
1952,,,,,,,
1953,,,,,,,
1954,,,,,,,
1955,,,,,,,
1956,,,,,,,
1957,,,,,,,
1958,,,,,,,
1959,,,,,,,
1960,,,,,,,
1961,,,,,,,
1962,,,,,,,
1963,,,,,,,
1964,,,,,,,
1965,,,,,,,
1966,,,,,,,
1967,,,,,,,
1968,,,,,,,
1969,,,,,,,
1970,,,,,,,
1971,,,,,,,
1972,,,,,,,
1973,,,,,,,
1974,,,,,,,
1975,,,,,,,
1976,,,,,,,
1977,,,,,,,
1978,,,,,,,
1979,,,,,,,
1980,,,,,,,
1981,,,,,,,
1982,,,,,,,
1983,,,,,,,
1984,,,,,,,
1985,,,,,,,
1986,,,,,,,
1987,,,,,,,
1988,,,,,,,
1989,,,,,,,
1990,,,,,,,
1991,,,,,,,
1992,,,,,,,
1993,,,,,,,
1994,,,,,,,
1995,,,,,,,
1996,,,,,,,
1997,,,,,,,
1998,,,,,,,
1999,,,,,,,
2000,,,,,,,
2001,,,,,,,
2002,,,,,,,
2003,,,,,,,
2004,,,,,,,
2005,,,,,,,
2006,,,,,,,
2007,,,,,,,
2008,,,,,,,
2009,,,,,,,
2010,,,,,,,
2011,,,,,,,
2012,,,,,,,
2013,,,,,,,
2014,,,,,,,
2015,,,,,,,
2016,,,,,,,
2017,,,,,,,
2018,,,,,,,
2019,,,,,,,
2020,,,,,,,
2021,,,,,,,
2022,,,,,,,
2023,,,,,,,
2024,,,,,,,
2025,,,,,,,
2026,,,,,,,
2027,,,,,,,
2028,,,,,,,
2029,,,,,,,
2030,,,,,,,
2031,,,,,,,
2032,,,,,,,
2033,,,,,,,
2034,,,,,,,
2035,,,,,,,
2036,,,,,,,
2037,,,,,,,
2038,,,,,,,
2039,,,,,,,
2040,,,,,,,
2041,,,,,,,
2042,,,,,,,
2043,,,,,,,
2044,,,,,,,
2045,,,,,,,
2046,,,,,,,
2047,,,,,,,
2048,,,,,,,
2049,,,,,,,
2050,,,,,,,
2051,,,,,,,
2052,,,,,,,
2053,,,,,,,
2054,,,,,,,
2055,,,,,,,
2056,,,,,,,
2057,,,,,,,
2058,,,,,,,
2059,,,,,,,
2060,,,,,,,
2061,,,,,,,
2062,,,,,,,
2063,,,,,,,
2064,,,,,,,
2065,,,,,,,
2066,,,,,,,
2067,,,,,,,
2068,,,,,,,
2069,,,,,,,
2070,,,,,,,
2071,,,,,,,
2072,,,,,,,
2073,,,,,,,
2074,,,,,,,
2075,,,,,,,
2076,,,,,,,
2077,,,,,,,
2078,,,,,,,
2079,,,,,,,
2080,,,,,,,
2081,,,,,,,
2082,,,,,,,
2083,,,,,,,
2084,,,,,,,
2085,,,,,,,
2086,,,,,,,
2087,,,,,,,
2088,,,,,,,
2089,,,,,,,
2090,,,,,,,
2091,,,,,,,
2092,,,,,,,
2093,,,,,,,
2094,,,,,,,
2095,,,,,,,
2096,,,,,,,
2097,,,,,,,
2098,,,,,,,
2099,,,,,,,
2100,,,,,,,
2101,,,,,,,
2102,,,,,,,
2103,,,,,,,
2104,,,,,,,
2105,,,,,,,
2106,,,,,,,
2107,,,,,,,
2108,,,,,,,
2109,,,,,,,
2110,,,,,,,
2111,,,,,,,
2112,,,,,,,
2113,,,,,,,
2114,,,,,,,
2115,,,,,,,
2116,,,,,,,
2117,,,,,,,
2118,,,,,,,
2119,,,,,,,
2120,,,,,,,
2121,,,,,,,
2122,,,,,,,
2123,,,,,,,
2124,,,,,,,
2125,,,,,,,
2126,,,,,,,
2127,,,,,,,
2128,,,,,,,
2129,,,,,,,
2130,,,,,,,
2131,,,,,,,
2132,,,,,,,
2133,,,,,,,
2134,,,,,,,
2135,,,,,,,
2136,,,,,,,
2137,,,,,,,
2138,,,,,,,
2139,,,,,,,
2140,,,,,,,
2141,,,,,,,
2142,,,,,,,
2143,,,,,,,
2144,,,,,,,
2145,,,,,,,
2146,,,,,,,
2147,,,,,,,
2148,,,,,,,
2149,,,,,,,
2150,,,,,,,
2151,,,,,,,
2152,,,,,,,
2153,,,,,,,
2154,,,,,,,
2155,,,,,,,
2156,,,,,,,
2157,,,,,,,
2158,,,,,,,
2159,,,,,,,
2160,,,,,,,
2161,,,,,,,
2162,,,,,,,
2163,,,,,,,
2164,,,,,,,
2165,,,,,,,
2166,,,,,,,
2167,,,,,,,
2168,,,,,,,
2169,,,,,,,
2170,,,,,,,
2171,,,,,,,
2172,,,,,,,
2173,,,,,,,
2174,,,,,,,
2175,,,,,,,
2176,,,,,,,
2177,,,,,,,
2178,,,,,,,
2179,,,,,,,
2180,,,,,,,
2181,,,,,,,
2182,,,,,,,
2183,,,,,,,
2184,,,,,,,
2185,,,,,,,
2186,,,,,,,
2187,,,,,,,
2188,,,,,,,
2189,,,,,,,
2190,,,,,,,
2191,,,,,,,
2192,,,,,,,
2193,,,,,,,
2194,,,,,,,
2195,,,,,,,
2196,,,,,,,
2197,,,,,,,
2198,,,,,,,
2199,,,,,,,
2200,,,,,,,
2201,,,,,,,
2202,,,,,,,
2203,,,,,,,
2204,,,,,,,
2205,,,,,,,
2206,,,,,,,
2207,,,,,,,
2208,,,,,,,
2209,,,,,,,
2210,,,,,,,
2211,,,,,,,
2212,,,,,,,
2213,,,,,,,
2214,,,,,,,
2215,,,,,,,
2216,,,,,,,
2217,,,,,,,
2218,,,,,,,
2219,,,,,,,
2220,,,,,,,
2221,,,,,,,
2222,,,,,,,
2223,,,,,,,
2224,,,,,,,
2225,,,,,,,
2226,,,,,,,
2227,,,,,,,
2228,,,,,,,
2229,,,,,,,
2230,,,,,,,
2231,,,,,,,
2232,,,,,,,
2233,,,,,,,
2234,,,,,,,
2235,,,,,,,
2236,,,,,,,
2237,,,,,,,
2238,,,,,,,
2239,,,,,,,
2240,,,,,,,
2241,,,,,,,
2242,,,,,,,
2243,,,,,,,
2244,,,,,,,
2245,,,,,,,
2246,,,,,,,
2247,,,,,,,
2248,,,,,,,
2249,,,,,,,
2250,,,,,,,
2251,,,,,,,
2252,,,,,,,
2253,,,,,,,
2254,,,,,,,
2255,,,,,,,
2256,,,,,,,
2257,,,,,,,
2258,,,,,,,
2259,,,,,,,
2260,,,,,,,
2261,,,,,,,
2262,,,,,,,
2263,,,,,,,
2264,,,,,,,
2265,,,,,,,
2266,,,,,,,
2267,,,,,,,
2268,,,,,,,
2269,,,,,,,
2270,,,,,,,
2271,,,,,,,
2272,,,,,,,
2273,,,,,,,
2274,,,,,,,
2275,,,,,,,
2276,,,,,,,
2277,,,,,,,
2278,,,,,,,
2279,,,,,,,
2280,,,,,,,
2281,,,,,,,
2282,,,,,,,
2283,,,,,,,
2284,,,,,,,
2285,,,,,,,
2286,,,,,,,
2287,,,,,,,
2288,,,,,,,
2289,,,,,,,
2290,,,,,,,
2291,,,,,,,
2292,,,,,,,
2293,,,,,,,
2294,,,,,,,
2295,,,,,,,
2296,,,,,,,
2297,,,,,,,
2298,,,,,,,
2299,,,,,,,
2300,,,,,,,
2301,,,,,,,
2302,,,,,,,
2303,,,,,,,
2304,,,,,,,
2305,,,,,,,
2306,,,,,,,
2307,,,,,,,
2308,,,,,,,
2309,,,,,,,
2310,,,,,,,
2311,,,,,,,
2312,,,,,,,
2313,,,,,,,
2314,,,,,,,
2315,,,,,,,
2316,,,,,,,
2317,,,,,,,
2318,,,,,,,
2319,,,,,,,
2320,,,,,,,
2321,,,,,,,
2322,,,,,,,
2323,,,,,,,
2324,,,,,,,
2325,,,,,,,
2326,,,,,,,
2327,,,,,,,
2328,,,,,,,
2329,,,,,,,
2330,,,,,,,
2331,,,,,,,
2332,,,,,,,
2333,,,,,,,
2334,,,,,,,
2335,,,,,,,
2336,,,,,,,
2337,,,,,,,
2338,,,,,,,
2339,,,,,,,
2340,,,,,,,
2341,,,,,,,
2342,,,,,,,
2343,,,,,,,
2344,,,,,,,
2345,,,,,,,
2346,,,,,,,
2347,,,,,,,
2348,,,,,,,
2349,,,,,,,
2350,,,,,,,
2351,,,,,,,
2352,,,,,,,
2353,,,,,,,
2354,,,,,,,
2355,,,,,,,
2356,,,,,,,
2357,,,,,,,
2358,,,,,,,
2359,,,,,,,
2360,,,,,,,
2361,,,,,,,
2362,,,,,,,
2363,,,,,,,
2364,,,,,,,
2365,,,,,,,
2366,,,,,,,
2367,,,,,,,
2368,,,,,,,
2369,,,,,,,
2370,,,,,,,
2371,,,,,,,
2372,,,,,,,
2373,,,,,,,
2374,,,,,,,
2375,,,,,,,
2376,,,,,,,
2377,,,,,,,
2378,,,,,,,
2379,,,,,,,
2380,,,,,,,
2381,,,,,,,
2382,,,,,,,
2383,,,,,,,
2384,,,,,,,
2385,,,,,,,
2386,,,,,,,
2387,,,,,,,
2388,,,,,,,
2389,,,,,,,
2390,,,,,,,
2391,,,,,,,
2392,,,,,,,
2393,,,,,,,
2394,,,,,,,
2395,,,,,,,
2396,,,,,,,
2397,,,,,,,
2398,,,,,,,
2399,,,,,,,
2400,,,,,,,
2401,,,,,,,
2402,,,,,,,
2403,,,,,,,
2404,,,,,,,
2405,,,,,,,
2406,,,,,,,
2407,,,,,,,
2408,,,,,,,
2409,,,,,,,
2410,,,,,,,
2411,,,,,,,
2412,,,,,,,
2413,,,,,,,
2414,,,,,,,
2415,,,,,,,
2416,,,,,,,
2417,,,,,,,
2418,,,,,,,
2419,,,,,,,
2420,,,,,,,
2421,,,,,,,
2422,,,,,,,
2423,,,,,,,
2424,,,,,,,
2425,,,,,,,
2426,,,,,,,
2427,,,,,,,
2428,,,,,,,
2429,,,,,,,
2430,,,,,,,
2431,,,,,,,
2432,,,,,,,
2433,,,,,,,
2434,,,,,,,
2435,,,,,,,
2436,,,,,,,
2437,,,,,,,
2438,,,,,,,
2439,,,,,,,
2440,,,,,,,
2441,,,,,,,
2442,,,,,,,
2443,,,,,,,
2444,,,,,,,
2445,,,,,,,
2446,,,,,,,
2447,,,,,,,
2448,,,,,,,
2449,,,,,,,
2450,,,,,,,
2451,,,,,,,
2452,,,,,,,
2453,,,,,,,
2454,,,,,,,
2455,,,,,,,
2456,,,,,,,
2457,,,,,,,
2458,,,,,,,
2459,,,,,,,
2460,,,,,,,
2461,,,,,,,
2462,,,,,,,
2463,,,,,,,
2464,,,,,,,
2465,,,,,,,
2466,,,,,,,
2467,,,,,,,
2468,,,,,,,
2469,,,,,,,
2470,,,,,,,
2471,,,,,,,
2472,,,,,,,
2473,,,,,,,
2474,,,,,,,
2475,,,,,,,
2476,,,,,,,
2477,,,,,,,
2478,,,,,,,
2479,,,,,,,
2480,,,,,,,
2481,,,,,,,
2482,,,,,,,
2483,,,,,,,
2484,,,,,,,
2485,,,,,,,
2486,,,,,,,
2487,,,,,,,
2488,,,,,,,
2489,,,,,,,
2490,,,,,,,
2491,,,,,,,
2492,,,,,,,
2493,,,,,,,
2494,,,,,,,
2495,,,,,,,
2496,,,,,,,
2497,,,,,,,
2498,,,,,,,
2499,,,,,,,
2500,,,,,,,
2501,,,,,,,
2502,,,,,,,
2503,,,,,,,
2504,,,,,,,
2505,,,,,,,
2506,,,,,,,
2507,,,,,,,
2508,,,,,,,
2509,,,,,,,
2510,,,,,,,
2511,,,,,,,
2512,,,,,,,
2513,,,,,,,
2514,,,,,,,
2515,,,,,,,
2516,,,,,,,
2517,,,,,,,
2518,,,,,,,
2519,,,,,,,
2520,,,,,,,
2521,,,,,,,
2522,,,,,,,
2523,,,,,,,
2524,,,,,,,
2525,,,,,,,
2526,,,,,,,
2527,,,,,,,
2528,,,,,,,
2529,,,,,,,
2530,,,,,,,
2531,,,,,,,
2532,,,,,,,
2533,,,,,,,
2534,,,,,,,
2535,,,,,,,
2536,,,,,,,
2537,,,,,,,
2538,,,,,,,
2539,,,,,,,
2540,,,,,,,
2541,,,,,,,
2542,,,,,,,
2543,,,,,,,
2544,,,,,,,
2545,,,,,,,
2546,,,,,,,
2547,,,,,,,
2548,,,,,,,
2549,,,,,,,
2550,,,,,,,
2551,,,,,,,
2552,,,,,,,
2553,,,,,,,
2554,,,,,,,
2555,,,,,,,
2556,,,,,,,
2557,,,,,,,
2558,,,,,,,
2559,,,,,,,
2560,,,,,,,
2561,,,,,,,
2562,,,,,,,
2563,,,,,,,
2564,,,,,,,
2565,,,,,,,
2566,,,,,,,
2567,,,,,,,
2568,,,,,,,
2569,,,,,,,
2570,,,,,,,
2571,,,,,,,
2572,,,,,,,
2573,,,,,,,
2574,,,,,,,
2575,,,,,,,
2576,,,,,,,
2577,,,,,,,
2578,,,,,,,
2579,,,,,,,
2580,,,,,,,
2581,,,,,,,
2582,,,,,,,
2583,,,,,,,
2584,,,,,,,
2585,,,,,,,
2586,,,,,,,
2587,,,,,,,
2588,,,,,,,
2589,,,,,,,
2590,,,,,,,
2591,,,,,,,
2592,,,,,,,
2593,,,,,,,
2594,,,,,,,
2595,,,,,,,
2596,,,,,,,
2597,,,,,,,
2598,,,,,,,
2599,,,,,,,
2600,,,,,,,
2601,,,,,,,
2602,,,,,,,
2603,,,,,,,
2604,,,,,,,
2605,,,,,,,
2606,,,,,,,
2607,,,,,,,
2608,,,,,,,
2609,,,,,,,
2610,,,,,,,
2611,,,,,,,
2612,,,,,,,
2613,,,,,,,
2614,,,,,,,
2615,,,,,,,
2616,,,,,,,
2617,,,,,,,
2618,,,,,,,
2619,,,,,,,
2620,,,,,,,
2621,,,,,,,
2622,,,,,,,
2623,,,,,,,
2624,,,,,,,
2625,,,,,,,
2626,,,,,,,
2627,,,,,,,
2628,,,,,,,
2629,,,,,,,
2630,,,,,,,
2631,,,,,,,
2632,,,,,,,
2633,,,,,,,
2634,,,,,,,
2635,,,,,,,
2636,,,,,,,
2637,,,,,,,
2638,,,,,,,
2639,,,,,,,
2640,,,,,,,
2641,,,,,,,
2642,,,,,,,
2643,,,,,,,
2644,,,,,,,
2645,,,,,,,
2646,,,,,,,
2647,,,,,,,
2648,,,,,,,
2649,,,,,,,
2650,,,,,,,
2651,,,,,,,
2652,,,,,,,
2653,,,,,,,
2654,,,,,,,
2655,,,,,,,
2656,,,,,,,
2657,,,,,,,
2658,,,,,,,
2659,,,,,,,
2660,,,,,,,
2661,,,,,,,
2662,,,,,,,
2663,,,,,,,
2664,,,,,,,
2665,,,,,,,
2666,,,,,,,
2667,,,,,,,
2668,,,,,,,
2669,,,,,,,
2670,,,,,,,
2671,,,,,,,
2672,,,,,,,
2673,,,,,,,
2674,,,,,,,
2675,,,,,,,
2676,,,,,,,
2677,,,,,,,
2678,,,,,,,
2679,,,,,,,
2680,,,,,,,
2681,,,,,,,
2682,,,,,,,
2683,,,,,,,
2684,,,,,,,
2685,,,,,,,
2686,,,,,,,
2687,,,,,,,
2688,,,,,,,
2689,,,,,,,
2690,,,,,,,
2691,,,,,,,
2692,,,,,,,
2693,,,,,,,
2694,,,,,,,
2695,,,,,,,
2696,,,,,,,
2697,,,,,,,
2698,,,,,,,
2699,,,,,,,
2700,,,,,,,
2701,,,,,,,
2702,,,,,,,
2703,,,,,,,
2704,,,,,,,
2705,,,,,,,
2706,,,,,,,
2707,,,,,,,
2708,,,,,,,
2709,,,,,,,
2710,,,,,,,
2711,,,,,,,
2712,,,,,,,
2713,,,,,,,
2714,,,,,,,
2715,,,,,,,
2716,,,,,,,
2717,,,,,,,
2718,,,,,,,
2719,,,,,,,
2720,,,,,,,
2721,,,,,,,
2722,,,,,,,
2723,,,,,,,
2724,,,,,,,
2725,,,,,,,
2726,,,,,,,
2727,,,,,,,
2728,,,,,,,
2729,,,,,,,
2730,,,,,,,
2731,,,,,,,
2732,,,,,,,
2733,,,,,,,
2734,,,,,,,
2735,,,,,,,
2736,,,,,,,
2737,,,,,,,
2738,,,,,,,
2739,,,,,,,
2740,,,,,,,
2741,,,,,,,
2742,,,,,,,
2743,,,,,,,
2744,,,,,,,
2745,,,,,,,
2746,,,,,,,
2747,,,,,,,
2748,,,,,,,
2749,,,,,,,
2750,,,,,,,
2751,,,,,,,
2752,,,,,,,
2753,,,,,,,
2754,,,,,,,
2755,,,,,,,
2756,,,,,,,
2757,,,,,,,
2758,,,,,,,
2759,,,,,,,
2760,,,,,,,
2761,,,,,,,
2762,,,,,,,
2763,,,,,,,
2764,,,,,,,
2765,,,,,,,
2766,,,,,,,
2767,,,,,,,
2768,,,,,,,
2769,,,,,,,
2770,,,,,,,
2771,,,,,,,
2772,,,,,,,
2773,,,,,,,
2774,,,,,,,
2775,,,,,,,
2776,,,,,,,
2777,,,,,,,
2778,,,,,,,
2779,,,,,,,
2780,,,,,,,
2781,,,,,,,
2782,,,,,,,
2783,,,,,,,
2784,,,,,,,
2785,,,,,,,
2786,,,,,,,
2787,,,,,,,
2788,,,,,,,
2789,,,,,,,
2790,,,,,,,
2791,,,,,,,
2792,,,,,,,
2793,,,,,,,
2794,,,,,,,
2795,,,,,,,
2796,,,,,,,
2797,,,,,,,
2798,,,,,,,
2799,,,,,,,
2800,,,,,,,
2801,,,,,,,
2802,,,,,,,
2803,,,,,,,
2804,,,,,,,
2805,,,,,,,
2806,,,,,,,
2807,,,,,,,
2808,,,,,,,
2809,,,,,,,
2810,,,,,,,
2811,,,,,,,
2812,,,,,,,
2813,,,,,,,
2814,,,,,,,
2815,,,,,,,
2816,,,,,,,
2817,,,,,,,
2818,,,,,,,
2819,,,,,,,
2820,,,,,,,
2821,,,,,,,
2822,,,,,,,
2823,,,,,,,
2824,,,,,,,
2825,,,,,,,
2826,,,,,,,
2827,,,,,,,
2828,,,,,,,
2829,,,,,,,
2830,,,,,,,
2831,,,,,,,
2832,,,,,,,
2833,,,,,,,
2834,,,,,,,
2835,,,,,,,
2836,,,,,,,
2837,,,,,,,
2838,,,,,,,
2839,,,,,,,
2840,,,,,,,
2841,,,,,,,
2842,,,,,,,
2843,,,,,,,
2844,,,,,,,
2845,,,,,,,
2846,,,,,,,
2847,,,,,,,
2848,,,,,,,
2849,,,,,,,
2850,,,,,,,
2851,,,,,,,
2852,,,,,,,
2853,,,,,,,
2854,,,,,,,
2855,,,,,,,
2856,,,,,,,
2857,,,,,,,
2858,,,,,,,
2859,,,,,,,
2860,,,,,,,
2861,,,,,,,
2862,,,,,,,
2863,,,,,,,
2864,,,,,,,
2865,,,,,,,
2866,,,,,,,
2867,,,,,,,
2868,,,,,,,
2869,,,,,,,
2870,,,,,,,
2871,,,,,,,
2872,,,,,,,
2873,,,,,,,
2874,,,,,,,
2875,,,,,,,
2876,,,,,,,
2877,,,,,,,
2878,,,,,,,
2879,,,,,,,
2880,,,,,,,
2881,,,,,,,
2882,,,,,,,
2883,,,,,,,
2884,,,,,,,
2885,,,,,,,
2886,,,,,,,
2887,,,,,,,
2888,,,,,,,
2889,,,,,,,
2890,,,,,,,
2891,,,,,,,
2892,,,,,,,
2893,,,,,,,
2894,,,,,,,
2895,,,,,,,
2896,,,,,,,
2897,,,,,,,
2898,,,,,,,
2899,,,,,,,
2900,,,,,,,
2901,,,,,,,
2902,,,,,,,
2903,,,,,,,
2904,,,,,,,
2905,,,,,,,
2906,,,,,,,
2907,,,,,,,
2908,,,,,,,
2909,,,,,,,
2910,,,,,,,
2911,,,,,,,
2912,,,,,,,
2913,,,,,,,
2914,,,,,,,
2915,,,,,,,
2916,,,,,,,
2917,,,,,,,
2918,,,,,,,
2919,,,,,,,
2920,,,,,,,
2921,,,,,,,
2922,,,,,,,
2923,,,,,,,
2924,,,,,,,
2925,,,,,,,
2926,,,,,,,
2927,,,,,,,
2928,,,,,,,
2929,,,,,,,
2930,,,,,,,
2931,,,,,,,
2932,,,,,,,
2933,,,,,,,
2934,,,,,,,
2935,,,,,,,
2936,,,,,,,
2937,,,,,,,
2938,,,,,,,
2939,,,,,,,
2940,,,,,,,
2941,,,,,,,
2942,,,,,,,
2943,,,,,,,
2944,,,,,,,
2945,,,,,,,
2946,,,,,,,
2947,,,,,,,
2948,,,,,,,
2949,,,,,,,
2950,,,,,,,
2951,,,,,,,
2952,,,,,,,
2953,,,,,,,
2954,,,,,,,
2955,,,,,,,
2956,,,,,,,
2957,,,,,,,
2958,,,,,,,
2959,,,,,,,
2960,,,,,,,
2961,,,,,,,
2962,,,,,,,
2963,,,,,,,
2964,,,,,,,
2965,,,,,,,
2966,,,,,,,
2967,,,,,,,
2968,,,,,,,
2969,,,,,,,
2970,,,,,,,
2971,,,,,,,
2972,,,,,,,
2973,,,,,,,
2974,,,,,,,
2975,,,,,,,
2976,,,,,,,
2977,,,,,,,
2978,,,,,,,
2979,,,,,,,
2980,,,,,,,
2981,,,,,,,
2982,,,,,,,
2983,,,,,,,
2984,,,,,,,
2985,,,,,,,
2986,,,,,,,
2987,,,,,,,
2988,,,,,,,
2989,,,,,,,
2990,,,,,,,
2991,,,,,,,
2992,,,,,,,
2993,,,,,,,
2994,,,,,,,
2995,,,,,,,
2996,,,,,,,
2997,,,,,,,
2998,,,,,,,
2999,,,,,,,
